professor, teacher|أسْتاذ|noun|occupations|m|n
professors, teachers|أساتِذَة|noun|occupations|m|y
too, also|أيْضاً|adv|common||n
on, in, by, with, for|بِـ|prep|common||n
to learn|تَعَلَّمَ|verb|||n
university|جامِعَة|noun|education|f|n
universities|جامِعات|noun|education|f|y
side|جانِب|noun||m|n
wall|جَدار|noun||m|n
walls|جُدْران|noun||m|y
Aleppo|حَلَب|noun|places|f|n
mathematics, calculus|رياضِيّات|noun|subjects|f|n
of the sun, solar|شّمْسِيّ|adj|||n
thing, object|شَيْء|noun|common|m|n
things, objects|أشْياء|noun|common|m|y
class|صَفّ|noun|education|m|n
classes|صُفوف|noun|education|m|y
male student|طالِب|noun|education|m|n
male students|طُلاّب|noun|education|m|y
female student|طالِبة|noun|education|f|n
female students|طالِبات|noun|education|f|y
on|عَلى|prep|common||n
room|غُرْفَة|noun|household|f|n
rooms|غُرَف|noun|household|f|y
you’re welcome/excuse me|عَفْواً|phrase|common||n
of the moon, lunar|قَمَريّ|adj|||n
but (weak version)|لكِنْ|conj|common||n
but (strong version)|لكِنَّ|conj|common||n
if you would; please|لَوسَمَحْت|phrase|||n
not|لَيْسَ|particle|common||n
store, shop; place, location|مَحَلّ|noun|locations|m|n
stores, shops; places, locations|مَحَلات|noun|locations|m|y
with (someone; not thing)|مَعَ|prep|common||n
found; existing, present|مَوْجود|noun||m|n
found; existing, present (pl)|مَوْجودون|noun||m|y
there, there is/are|هُناكَ|pronoun|||n
and|وَ|conj|||n
literature|أدَب|noun|subjects|m|n
literature (pl)|آداب|noun|subjects|m|y
ground, land|أرْض|noun||f|n
grounds, lands|أراضٍ|noun||f|y
those (pl, dem)|أولائِكَ|pronoun|||n
house, home|بَيْت|noun|household|m|n
houses, homes|بُيوت|noun|household|m|y
those (dual, nom)|تانِكَ|pronoun|||n
trade, business, commerce|تحِبارة|noun||f|n
that (sing, nom)|تِلكَ|pronoun|common|f|n
those (dual, acc/gen)|تَيْنِكَ|pronoun|||n
right, law|حَقّ|noun||m|n
rights, laws|حُقوق|noun||m|y
that|ذلِكَ|pronoun|common|m|n
sport|رِياضَة|noun|sports|f|n
sports|رِياضات|noun|sports|f|y
of sports|رياضِيّ|adj|sports||n
medicine|طِبّ|noun|medical|m|n
a number of, several|عِدَّةُ|noun|common|f|n
science, discipline|عِلْم|noun|subjects|m|n
sciences, disciplines|عَلوم|noun|subjects|m|y
of science, scientific|عِلميّ|adj|subjects||n
college|كُلّيَّة|noun|education|f|n
colleges|كُلّيات|noun|education|f|y
language|لُغَة|noun|subjects|f|n
languages|لُغات|noun|subjects|f|y
of language, linguistic|لُغَويّ|adj|subjects||n
laboratory|مُخْتبر|noun|education|m|n
laboratories|مُخْتبرات|noun|education|m|y
swimming pool|مَسْبَح|noun|locations|f|n
swimming pools|مَسابِح|noun|locations|f|y
office|مَكْتَب|noun|locations|m|n
offices|مَكاتِب|noun|locations|m|y
library; bookstore; bookcase|مَكْتَبة|noun|locations|f|n
libraries; bookstores; bookcases|مَكْتَبات|noun|locations|f|y
playground, sports field|مَلْعَب|noun|sports|m|n
playgrounds, sports fields|مَلاعِب|noun|sports|m|y
these (dual, nom)|هاتانِ|pronoun||f|n
these (dual, acc/gen)|هاتَيْنِ|pronoun||f|n
these (dual, nom)|هذانِ|pronoun||m|n
these (dual, acc/gen)|هذَيْنِ|pronoun||m|n
engineering|هَنْدَسَة|noun|subjects|f|n
these (pl)|هؤُلاءِ|pronoun||m|n
a question particle to form yes/no questions|أَ|particle|||n
God|الله|noun|religious|m|n
a 14th-century Arab historian and sociologist|ابْنُ خَلْدون|noun|people||n
two|اِثنان|noun|numbers|m|n
four|أرْبَعة|noun|numbers|f|n
sorry (m, f)|آسِف، آسِفة|noun|common||n
or (particle used in questions)|أَمْ|conj|||n
woman|اِمرأة|noun|people|f|n
women|نِساء|noun|people|f|y
now|الآنَ|noun|common||n
English (language)|اﻹنكليزية|adj|subjects|f|n
or (used with statements)|أو|conj|common||n
card|بِطاقة|noun||f|n
cards|بِطاقات|noun||f|y
small town|بَلْدة|noun|places|f|n
small towns|بَلْدات|noun|places|f|y
nine|تِسْعة|noun|numbers|f|n
three|ثَلاثة|noun|numbers|f|n
eight|ثَمانِية|noun|numbers|f|n
name of a town in Syria|جَبْلة|noun|places|f|n
five|خَمْسة|noun|numbers|f|n
man|رَجُل|noun|people|m|n
men|رِجال|noun|people|m|y
number|رَقْم|noun|numbers|m|n
numbers|أرْقام|noun|numbers|m|y
plus|زائِد|noun||m|n
to equal|ساوى (يُساوي) مُساواة|verb|||n
seven|سَبْعة|noun|numbers|f|n
six|سِتّة|noun|numbers|f|n
to live, to reside|سَكَنَ (يَسْكُنُ) سَكَن|verb|||n
(student) living, residence, dormitory|سَكَنُ (الطُلاّبِ)|noun|education|m|n
street|شارع|noun|directions|m|n
streets|شَوارع|noun|directions|m|y
to want, will|شاءَ (يَشاءُ) مَشيئة|verb|||n
apartment|شَقّة|noun|household|f|n
apartments|شُقَق|noun|household|f|y
thank you|شُكْراً|phrase|common||n
zero|صِفْر|noun|numbers|m|n
zero (pl)|أصْفار|noun|numbers|m|y
Arabic (language)|العَرَبيّة|adj|subjects|f|n
to know|عَرَفَ (يَعرِقُ) مَعْرِفة|verb|||n
ten|عَشَرة|noun|numbers|f|n
address|عُنوان|noun|directions|m|n
addresses|عَناوين|noun|directions|m|y
French (language)|الفَرَنْسِيَّة|adj|subjects|f|n
word|كَلِمَة|noun|common|f|n
words|كَلِمات|noun|common|f|y
how many/much|كَمْ|particle|common||n
what (question particle used in front of nouns)|ما|particle|common||n
what (used with verbs)|ماذا|particle|common||n
married|مُتَزَوَّج|noun|family|m|n
married (pl)|مُتَزَوَّجون|noun|family|m|y
meaning|مَعْنى|noun||m|n
meanings|مَعانٍ/المعاني|noun||m|y
minus|ناقِص|noun||m|n
question particle for yes/no questions|هَلْ|particle|common||n
identity|هُوِيّة|noun||f|n
identities|هُوِيّات|noun||f|y
one|واحِد|noun|numbers|m|n
vocative particle used to call the attention of the addressee|يا|particle|common||n
Japanese (language)|اليابانِيَّة|noun|subjects|f|n
biology|أحْياء|noun|subjects|f|n
rather, but|بَلْ|particle|||n
building|بِناية|noun|locations|f|n
buildings|بِنايات|noun|locations|f|y
bag; briefcase|حَقيبة|noun|clothing|f|n
bags; briefcases|حَقائب|noun|clothing|f|y
closet, cupboard|خِزانة|noun|household|f|n
closets, cupboards|خَزائِن/خِزانات|noun|household|f|y
to study|دَرَسَ (يَدرُسُ) دِراسة/دَرْس|verb|||n
bed|سَرير|noun|household|m|n
beds|أسِرّة|noun|household|m|y
small; young|صَغيرة|adj|common|f|n
school subject, course|مادّة|noun|education|f|n
school subjects, courses|مَوادّ|noun|education|f|y
middle|وُسْطى|adj|common|f|n
father|أب|noun|family|m|n
fathers|آباء|noun|family|m|y
elementary|ابْتِدائيّ|adj|education||n
son|ابْنٌ|noun|family|m|n
sons|أبْناء|noun|family|m|y
daughter|ابْنَة|noun|family|f|n
daughters|بَنات|noun|family|f|y
brother|أَخ|noun|family|m|n
brothers|إخوة|noun|family|m|y
sister|أُخْت|noun|family|f|n
sisters|أَخَوات|noun|family|f|y
mother|أُمّ|noun|family|m|n
mothers|أُمَّهات|noun|family|m|y
English|إنْكليزيّ|noun|subjects|m|n
first|أوَّل|noun|numbers|m|n
first (pl)|أوائِل|noun|numbers|m|y
girl|بِنْت|noun|people|f|n
girls|بَنات|noun|people|f|y
ninth|تاسِع|adj|numbers||n
differential equations|تَفاضُل|noun|subjects|m|n
second|ثانٍ (الثاني)|noun|numbers|m|n
third|ثالِث|adj|numbers||n
eighth|ثامِن|adj|numbers||n
fifth|خامِس|adj|numbers||n
of school, academic|دِراسِيّ|adj|education||n
fourth|رابع|adj|numbers||n
husband|زَوْج|noun|family|m|n
husbands|أزْواج|noun|family|m|y
wife|زَوْجَة|noun|family|f|n
wives|زَوْجات|noun|family|f|y
seventh|سابع|adj|numbers||n
sixth|سادِس|adj|numbers||n
small; young|صَغير|adj|common|m|n
child|طِفْل|noun|people|m|n
children|أطْفال|noun|people|m|y
tenth|عاشِر|adj|numbers||n
nuclear family, family that one supports|عائِلَة|noun|family|f|n
nuclear families, family that one supports (pl)|عوائِل/عائِلات|noun|family|f|y
(academic) term, season|فَصْل|noun|education|m|n
(academic) terms, seasons|فُصول|noun|education|m|y
only; no more than|فَقَطْ|particle|common||n
physics|فيزياء|noun|subjects|f|n
big|كَبير|adj|common||n
chemistry|كيمياء|noun|subjects|f|n
nice|لَطيف|adj|||n
who|مَنْ|pronoun|common||n
sole, only|وَحيد|noun||m|n
sole, only (pl)|وَحيدون|noun||m|y
boy|وَلَد|noun|people|m|n
boys|أَوْلاد|noun|people|m|y
to be able, can|اِسْتَطاعَ (يَسْتَطِيعُ) اِسْتِطاعة|verb|common||n
sorry|آسِف/آسِفة|noun|common|m/f|n
most knowledgeable|أعلَم|noun|||n
God knows|الله أعْلَم|phrase|common||n
librarian|أمينُ/أمينةُ مَكتَبةٍ|noun|occupations|m/f|n
program|بَرنامَج|noun||m|n
programs|بَرامِج|noun||m|y
to speak|تَكَلَّمَ (يَتَكَلَّمُ) تَكَلُّم|verb|common||n
abundant|جَزيلاً|adj|||n
good|جَيِّد|adj|common||n
well|جَيِّداً|adv|common||n
where, when|حَيْثُ|adv|common||n
pharmacology|صَيْدَلَة|noun|subjects|f|n
knowledgeable|عَليم|adj|||n
group of ten|عَقْد|noun|numbers|f|n
groups of ten|عُقود|noun|numbers|f|y
little|قَليل|adj|common||n
a little|قَليلاً|adv|common||n
to, for, by|لـ|prep|||n
don’t worry about it|لا شُكْرَ على واجِب|phrase|common||n
boss; director, manager|مُدير|noun|occupations|m|n
bosses; directors, managers|مُدَراء|noun|occupations|m|y
help, assistance|مُساعَدة|noun|||n
agreement|مُوافَقَة|noun|||n
worker; employee|مُوَظَّف|noun|occupations|m|n
workers; employees|مُوَظَّفون|noun|occupations|m|y
hundred|مِئة|noun|numbers|f|n
hundreds|مِئات|noun|numbers|f|y
you (m. sg.) are able|يُمْكِنُكَ|verb|||n
to like|أحَبَّ (يُحِبُّ) جُبّ، مَحَبّة|verb|common||n
sometimes|أحياناً|adv|common||n
to want|أرادَ (يُريدَ) إرادة|verb|common||n
to give|أعطى (يُعطي) أَعْطِ|verb|common||n
giving|إعْطاء|noun|||n
which|أيُّ/أيّةُ|noun||m/f|n
to sell|باعَ (يَبيعُ) بَيْع|verb|||n
if you please|تَفَضَّلْ/تَفَضَّلي|verb|common||n
usually|عادَةً|adv|common||n
to do|فَعَلَ (يَفعَلُ) فِعْل|verb|common||n
to read|قَرَأَ (يَقرَأُ) قِراءة|verb|common||n
nearby, close|قُرْب|adv|common||n
to write|كَتَبَ (يَكْتُبُ) كِتابة|verb|common||n
magazine|مَجَلَّة|noun|entertainment|f|n
magazines|مَجَلاّت|noun|entertainment|f|y
please|مِنْ فَضْلِك|phrase|common||n
to bring|أحْضَرَ (يُحْضِرُ) إحْضار|verb|||n
rice|أرُزّ|noun|food|m|n
to eat|أكَلَ (يأكُلُ) أكْل|verb|common||n
orange|بُرتُقال|noun|food|m|n
egg|بَيْض|noun|food|m|n
Come here!|تَعالَ/تَعالي|verb|common|m/f|n
apple|تُفّاح|noun|food|m|n
to eat; to take; to reach for something|تَناوَلَ (يَتَناوَلُ) تَناوُل|verb|||n
cheese|جُبْن|noun|food|m|n
cheeses|أجْبان|noun|food|m|y
to sit|جَلَسَ (يَجلِسُ) جُلوس (اِجلِسْ)|verb|||n
ready, all set|حاضِر|adj|||n
grain, cereal|حَبّ|noun|food|m|n
grains, cereals|حُبوب|noun|food|m|y
very well, okay (a response denoting agreement)|حَسَناً|adv|common||n
to prepare, to make|حَضَّرَ (يُحَضِّرُ) تَحْضير|verb|||n
milk|حَليب|noun|food|m|n
bread|خُبْز|noun|food|m|n
vegetables, greens|خَضْراوات|noun|food|f|n
light|خَفيف|adj|||n
pig, swine|خِنزير|noun|animals|m|n
pigs, swine|خَنازير|noun|animals|m|y
chicken|دَجاج|noun|food|m|n
without|دونَ|prep|||n
butter|زُبْدة|noun|food|f|n
wild thyme|زَعتَر|noun|food|m|n
olive|زَيْتون|noun|food|m|n
sugar|سُكَّر|noun|food|m|n
salad|سَلَطة|noun|food|f|n
salads|سَلَطات|noun|food|f|y
tea|شاي|noun|food|m|n
to drink|شَرِبَ (يَشْرَبُ) شُرْب|verb|common||n
morning|صَباح|noun|times|m|n
falafel (Egypt)|طَعْمِيّة|noun|food|f|n
noon|ظُهْر|noun|times|m|n
honey|عَسَل|noun|food|m|n
juice|عَصير|noun|food|m|n
breakfast|فَطور|noun|food|m|n
falafel (Syria)|فُلفُل|noun|food|m|n
falafel (Syria) (pl)|فَلافِل|noun|food|m|y
cup|فِنْجان|noun|dishes|m|n
cups|فَناجين|noun|dishes|m|y
fava beans|فول|noun|food|m|n
piece|قِطْعة|noun||f|n
pieces|قِطَع|noun||f|y
coffee|قَهْوة|noun|food|f|n
glass|كَأس|noun|dishes|f|n
glasses|كُؤوس|noun|dishes|f|y
a great deal|كَثيراً|adv|||n
meat|لحْم|noun|food|m|n
meats|لُحوم|noun|food|m|y
What’s your opinion?|ما رأيُك|phrase|||n
water|ماء|noun|food|m|n
waters|مِياه|noun|food|m|y
when|مَتى|particle|common||n
jam, preserve|مُرَبّى|noun|food|m|n
jams, preserves|مُرَبَّيات|noun|food|m|y
boiled|مَسْلوق|particle|||n
evening|مَساء|noun|times|m|n
kitchen|مَطْبَخ|noun|household|m|n
kitchens|مَطابِخ|noun|household|m|y
restaurant|مَطْعَم|noun|locations|m|n
restaurants|مَطاعِم|noun|locations|m|y
cafeteria|مَقْصَف|noun|locations|m|n
cafeterias|مَقاصِف|noun|locations|m|y
agree|مُوافِق|adj|||n
one|أحَد|noun||m|n
one (pl)|آحاد|noun||m|y
to wake up|اِسْتَيْقَظَ (يَسْتَيْقِظُ) اِسْتَيقاظ|verb|||n
statistics|إحْصاء|noun|subjects|m|n
to end|انْتَهى (يَنْتَهي) اِنْتِهاء (مِن)|verb|||n
except, minus|إلاّ|particle|||n
thousand|ألْف|noun|numbers|m|n
thousands|آلاف|noun|numbers|m|y
to begin|بَدَأ (يَبْدأُ) بِداية|verb|||n
after|بَعْدَ|prep|||n
a third|ثُلْث|noun|numbers|m|n
thirds|أثْلاث|noun|numbers|m|y
conversation|حَديث|noun||m|n
conversations|أحاديث|noun||m|y
hummus|حِمَّص|noun|food|m|n
minute|دَقيقَة|noun|times|f|n
minutes|دَقائِق|noun|times|f|y
international|دَوْلِيّ|noun||m|n
quarter|رُبْع|noun|numbers|m|n
quarters|أرْباع|noun|numbers|m|y
o’clock, hour, watch, clock|ساعَة|noun|times|f|n
o’clock (pl), hours, watches, clocks|ساعات|noun|times|f|y
relation|عَلاقة|noun||f|n
relations|عَلاقات|noun||f|y
to mean|عَنى (يَعْني)|verb|||n
pleased to meet you (lit. "a happy opportunity")|فُرْصَة سَعيدة|phrase|common||n
kebab|كَباب|noun|food|m|n
united|مُتَّحِد|adj||m|n
accounting|مُحاسَبة|noun|subjects|f|n
time, appointment|مَوْعِد|noun|times|m|n
times, appointments|مَواعيد|noun|times|m|y
to fall asleep, to sleep|نامَ (يَنامُ) نَوْم|verb|||n
half|نِصْف|noun|numbers|m|n
halves|أنْصاف|noun|numbers|m|y
here|هُنا|adv|common||n
alone, by himself|وَحْدَهُ|adv|||n
The United States of America|الوِلاياتُ المُتَّحِدةُ الأمريكيّة|noun|places|f|n
immediate (parents, siblings) and extended family; extended family|أُسْرة|noun|family|f|n
immediate (parents, siblings) and extended families; extended families|أُسَر|noun|family|f|y
Germany|ألمانيا|noun|places|f|n
German|ألمانيّ|adj|places||n
Pakistan|الباكِسْتان|noun|places|f|n
secondary|ثانَوِيّ|adj|||n
new|جَديد|adj|common|m|n
new (pl)|جُدُد|adj|common|m|y
beautiful, good-looking|جَميل|adj|common||n
beautiful, good-looking (pl)|ون|adj|common||y
modern|حَديث|adj|||n
house|دار|noun|household|f|n
houses|دور|noun|household|f|y
study|دِراسة|noun|education|f|n
studies|دِراسات|noun|education|f|y
to go|ذَهَبَ (يَذْهَبُ) ذَهاب|verb|common||n
driver, chauffeur|سائِق|noun|occupations|m|n
drivers, chauffeurs|سائقون|noun|occupations|m|y
market|سوق|noun|locations|f|n
markets|أسْواق|noun|locations|f|y
friend|صَديق|noun|people|m|n
friends|أصْدِقاء|noun|people|m|y
small child, young child|صَغير|noun|people|m|n
small children, young children|صِغار|noun|people|m|y
tall|طَويل|noun|descriptive|m|n
tall (pl)|طِوال|noun|descriptive|m|y
cord used to hold a headdress in place|عِقال|noun|clothing|m|n
cord used to hold a headdress in place (pl)|عُقُل|noun|clothing|m|y
to work|عَمِلِ (يَعْمَلُ) عَمَل|verb|common||n
a man’s headdress|غُتْرة|noun|clothing|f|n
men’s headdresses|غُتَر/غُترات|noun|clothing|f|y
girl, young woman|فَتاة|noun|people|f|n
girls, young women|فَتَيات|noun|people|f|y
old, ancient|قَديم|adj|common||n
old, ancient (pl)|قُدَماء|adj|common||y
short|قَصير|noun|descriptive|m|n
short (pl)|قِصار|noun|descriptive|m|y
powerful, strong|قَويّ|adj|||n
powerful, strong (pl)|أقوِياء|adj|||y
big, large; old (in age)|كَبير|noun|descriptive||n
big, large; old (in age) (pl)|كِبار|noun|descriptive||y
headdress|كوفِيّة|noun|clothing|f|n
headdresses|كوفيّات|noun|clothing|f|y
to wear|لَبِسَ (يَلبَسُ) لُبْس|verb|||n
particle used negate past-tense verbs|ما|particle|||n
engine, motor|مُحَرِّك|noun|transportation|f|n
engines, motors|مَحَرِّكات|noun|transportation|f|y
handsome|وَسيم|adj||m|n
handsome (pl)|ون|adj||m|y
India|الهِنْد|noun|places|f|n
Japan|اليابان|noun|places|f|n
August|آب|noun|months|m|n
to come|أتى (يَأتي) إتيان (إلى)|verb|||n
Monday|الإثْنَين|noun|days|m|n
Sunday|الأَحَد|noun|days|m|n
March|آذار|noun|months|m|n
Wednesday|الأرْبِعاء|noun|days|m|n
week|أُسْبوع|noun|times|m|n
weeks|أَسابيع|noun|times|m|y
to buy|اِشتَرى (يَشتري) شِراء|verb|||n
certainly, surely|أكيد|adv|||n
yesterday|أَمْسِ|adv|||n
that (after verbs similar to “think”)|أَنَّ|particle|||n
that (after the verb for “say”)|إنَّ|particle|||n
God willing, hopefully|إنْ شاءَ الله|phrase|common||n
May|أيّار|noun|months|m|n
September|أَيْلول|noun|months|m|n
some|بَعْضُ|noun|||n
October|تِشرين الأوَّل|noun|months|m|n
November|تِشرين الثاني|noun|months|m|n
to be acquainted with|تَعَرَّفَ (يَتَعَرَّفُ) تَعَرُّف (على)|verb|||n
calendar|تَقويم|noun||m|n
calendars|تَقاويم|noun||m|y
July|تَمّوز|noun|months|m|n
Tuesday|الثُلاثاء|noun|days|m|n
to come|جاء (يَجيءُ) مَجيء|verb|common||n
sitting|جُاوس|noun|||n
Islamic month (jumAdi al-Aghira)|جُمادى الآخِرة|noun|months|f|n
Islamic month (jumAdi al-‘Ula)|جُمادى الأولى|noun|months|f|n
Friday|الجُمعة|noun|days|m|n
till, until|حَتّى|particle|||n
June|حَزيران|noun|months|m|n
when|حينَ|adv|||n
Thursday|الخَميس|noun|days|m|n
lesson|دَرْس|noun|education|m|n
lessons|دُروس|noun|education|m|y
Islamic month (thu al-Hijja)|ذو الحِجّة|noun|months|m|n
Islamic month (thu al-qi’da)|ذو القِعدة|noun|months|m|n
wonderful, awesome|رائع|adj|||n
Islamic month (rabi al-Aghira)|رَبيع الآخِر|noun|months|m|n
Islamic month (rabi al-‘Awwal)|رَبيع الأوَّل|noun|months|m|n
Islamic month (rajab)|رَجَب|noun|months|m|n
Islamic month (ramaDAn)|رَمَضان|noun|months|m|n
to visit|زارَ (يَزورُ) زِيارة|verb|||n
shall, will (future particle)|سَـ|particle|||n
Saturday|السَبْت|noun|days|m|n
year|سَنة|noun|times|f|n
years|سَنَوات/سُنون|noun|times|f|y
shall, will (future particle)|سَوْفَ|particle|||n
February|شُباط|noun|months|m|n
bed sheet|شَرْشَف|noun|household|m|n
bed sheets|شَراشِف|noun|household|m|y
Islamic month (sha’bAn)|شَعبان|noun|months|m|n
month|شَهْر|noun|times|m|n
months|أشْهُر/شُهور|noun|times|m|y
Islamic month (shawwAl)|شَوّال|noun|months|m|n
Islamic month (Safar)|صَفَر|noun|months|m|n
guest|ضَيْف|noun|people|m|n
guests|ضُيوف|noun|people|m|y
airplane|طائِرة|noun|transportation|f|n
airplanes|طائِرات|noun|transportation|f|y
to think, to believe|ظَنَّ (يَظُنُّ)|verb|||n
tomorrow|غَداً|adv|common||n
hotel|فُنْدُق|noun|locations|m|n
hotels|فَنادِق|noun|locations|m|y
to meet|قابَلَ (يُقابِلُ) مُقابَلة|verb|||n
to say|قالَ (يَقولُ) قَوْل|verb|||n
before|قَبْلَ|adv|common||n
close, near|قَريب|adv|common||n
shirt|قَميص|noun|clothing|m|n
shirts|قُمْصان|noun|clothing|m|y
to be (was, were)|كانَ (يَكونُ) كَوْن|verb|common||n
December|كانون الأوَّل|noun|months|m|n
January|كانون الثاني|noun|months|m|n
objection|مانِع|noun|||n
enthusiastic|مُتَحَمِّس|adj|||n
Islamic month (muHarram)|مُحَرَّم|noun|months|m|n
to walk|مَشى (يَمْشي) مَشي|verb|common||n
airport|مَطار|noun|transportation|m|n
airports|مَطارات|noun|transportation|m|y
to stay (in a place)|نَزَلَ (يَنْزِلُ) نُزول|verb|||n
sleeping|نَوْم|noun|||n
April|نيسان|noun|months|m|n
pillow|وِسادة|noun|household|f|n
pillows|وَسائِد|noun|household|f|y
to arrive, to reach a destination|وَصَلَ (يَصِلُ) وُصول|verb|||n
day|يَوْم|noun|times|m|n
days|أيّام|noun|times|m|y
today|اليَوْم|adv|common||n
diary, daily journal|يَوْمِيّة|noun|||n
diaries, daily journals|يومِيّات|noun|||y
green|أخْضَر|adj|colors|m|n
green (pl)|خُضْر|adj|colors|m|y
cold|بارِد|adj||m|n
sea|بَحْر|noun|geography|m|n
seas|بِحار|noun|geography|m|y
lake|بُحَيْرة|noun|geography|f|n
lakes|بُحَيْرات|noun|geography|f|y
snow|ثَلْج|noun||m|n
snow (pl)|ثُلوج|noun||m|y
hot|حارّ|adj|common|m|n
heat|حَرارة|noun||f|n
autumn|خَريف|noun|times|m|n
green|خَضْراء|adj|colors|f|n
green (pl)|خُضْر|adj|colors|f|y
warm|دافِئ|adj|common|m|n
class, step, level, degree (temperature)|دَرَجة|noun||f|n
classes, steps, levels, degrees (temperature)|دَرَجات|noun||f|y
spring|رَبيع|noun|times|m|n
wind|ريح|noun||f|n
winds|رِياح|noun||f|y
flower|زَهْرة|noun|plants|f|n
flowers|زَهَرات/أزْهار|noun|plants|f|y
brilliant, shining|ساطِع|adj||m|n
to swim|سَبَحَ (يَسْبَحُ) سِباحة|verb|||n
to fall|سَقَط (يَسْقُطُ) سُقوط|verb|||n
sky|سَماء|noun|nature|f|n
skies|سَماوات|noun|nature|f|y
beach|شاطِئ|noun|nature|m|n
beaches|شَواطِئ|noun|nature|m|y
winter|شِتاء|noun|times|m|n
tree|شَجَرة|noun|plants|f|n
trees|شَجَرات|noun|plants|f|y
sun|شَمْس|noun|nature|f|n
suns|شُموس|noun|nature|f|y
pure; clear, not cloudy|صافٍ، صافِية|adj||m/f|n
clear, fine (of weather)|صَحْوٌ|adj||m|n
way, road|طَريق|noun|directions|f|n
ways, roads|طُرُق، طُرُقات|noun|directions|f|y
weather|طَقْس|noun||m|n
weather (pl)|طُقوس|noun||m|y
worker, laborer|عامِل|noun|occupations|m|n
workers, laborers|عُمّال|noun|occupations|m|y
Labor Day|عيدُ العُمّال|noun|holidays||n
cloudy, overcast|غائِم|adj||m|n
rain cloud|غَيْمة|noun|nature|f|n
rain clouds|غُيوم|noun|nature|f|y
every, all, the whole|كُلّ|noun|common||n
color|لَوْن|noun|colors|m|n
colors|ألْوان|noun|colors|m|y
night|لَيْل|noun|times|m|n
rainy|ماطِر|adj||m|n
rain|مَطَر|noun|nature|m|n
rains|أمْطار|noun|nature|m|y
moderate|مُعْتَدِل|adj|||n
most|مُعْظَم|noun|||n
daytime|نَهار|noun|times|m|n
to bathe, to take a bath or shower|اسْتَحَمَّ (يَستَحِمُّ) استِحْمام|verb|||n
to move, to relocate|اِنتَقَلَ (يَنتَقِلُ) اِنْتِقال|verb|||n
in need of|بِحاجةٍ (إلى)|phrase|||n
tabouleh salad|تَبّولة|noun|food|f|n
then, and again|ثُمَّ|conj|||n
to prepare|جَهَّزَ (يُجَهِّزُ) تَجْهيز|verb|||n
bus, tram|حافِلة|noun|transportation|f|n
buses, trams|حافِلات|noun|transportation|f|y
to shave|حَلَقَ (يَحْلِقُ) حَلْق|verb|||n
bathroom|حَمّام|noun|household|f|n
bathrooms|حمّامات|noun|household|f|y
news story|خَبَر|noun||m|n
news stories|أخْبار|noun||m|y
vegetable|خُضرة|noun|food|f|n
vegetables|خُضَر|noun|food|f|y
chin (or beard, when shaving)|ذَقْن|noun|body|f|n
chins (or beards, when shaving)|ذُقون|noun|body|f|y
to organize|رَتّبَ (يُرَتِّبُ) تَرْتيب|verb|||n
to return, to go back|رَجَعَ (يَرْجِعُ) رُجوع|verb|||n
letter, message|رِسالة|noun||f|n
letters, messages|رَسائِل|noun||f|y
tooth|سِنٌّ|noun|body|f|n
teeth|أسْنان|noun|body|f|y
to witness, to see, to watch|شاهَدَ (يُشاهِدُ) مُشاهَدة|verb|||n
soap|صابون|noun||m|n
plate|صَحْن|noun|dishes|m|n
plates|صُحون|noun|dishes|m|y
to return|عادَ (يَعودُ) عَوْدة|verb|||n
world|عالَم|noun||m|n
worlds|عَوالِم|noun||m|y
break; vacation|عُطْلة|noun||f|n
breaks; vacations|عُطْلات/عُطَل|noun||f|y
dinner|عَشاء|noun|food|m|n
dinners|أعْشِية|noun|food|m|y
lunch|غَداء|noun|food|m|n
lunches|أغْدِية|noun|food|m|y
to wash|غَسَلَ (يَغْسِلُ) غَسْل|verb|||n
to change something|غَيَّرَ (يُغَيِّرُ) تَغيير|verb|||n
brush|فُرْشاة|noun||f|n
brushes|فَراشٍ|noun||f|y
to spend time|قَضى (يَقضي) قَضاء|verb|||n
writing|كِتابة|noun|subjects||n
much, a great deal|كَثير|noun|common|m|n
much, a great deal (pl)|كَثيرون/كِثار|noun|common|m|y
because|ﻷَنَّ|particle|||n
yogurt|لَبَن|noun|food|m|n
why|لِماذا|particle|||n
one coming early|مُبَكِّر|noun||m|n
one coming early (pl)|مُبَكِّرون|noun||m|y
one coming late|مُتَأخِّر|noun||m|n
one coming late (pl)|مُتَأخِّرهن|noun||m|y
stewed|مٌدَمَّس|adj|||n
once, one occurrence|مَرّة|noun|common|f|n
once, one occurrence (pl)|مَرّات|noun|common|f|y
show, (television) series, serial|مُسَلسَل|noun|entertainment|m|n
shows, (television) series, serials|مُسَلسَلات|noun|entertainment|m|y
watching|مٌشاهَدة|noun|||n
busy|مَشْغول|noun||m|n
busy (pl)|مَشْغولون|noun||m|y
together|مَعاً|adv|||n
paste|مَعْجون|noun||m|n
pastes|مَعاجين|noun||m|y
fried|مَقليّ|adj|food||n
to forget|نَسِيَ (يَنسى) نِسْيان|verb|||n
to clean|نَظَّفَ (يُنَظِّفُ) تَنْظيف|verb|||n
to get up|نَهَضَ (يَنهَضُ) نُهوض|verb|||n
by God, I swear, really (used to add emphasis)|وَاللّهِ|phrase|||n
face|وَجْه|noun|body|m|n
faces|وُجوه|noun|body|m|y
hand|يَد|noun|body|f|n
hands|أيْدٍ|noun|body|f|y
to wait|اِنتَظَرَ (يَنْتَظِرُ) اِنتِظار|verb|||n
onion|بَصَل|noun|food|m|n
neighborhood, borough; a living person|حَيّ|noun||m|n
neighborhoods, boroughs; living people|أحْياء|noun||m|y
to do (Syrian colloquial)|سلوى (يساوي)|verb|||n
what (Syrian colloquial)|شو|particle|||n
journalism|صِحافة|noun|subjects|f|n
colloquial|عاميّة|adj|||n
lentils|عَدَس|noun|food|m|n
weekend|عُطْلَةُ نِهايَةِ اﻷُسْبوعِ|noun|times|f|n
mayor|عُمْدَة|noun|titles|m|n
mayors|عُمَد|noun|titles|m|y
celebration, festivity, feast day, holiday|عيد|noun|times|m|n
celebrations, festivities, feast days, holidays|أعْياد|noun|times|m|y
Classical Arabic (lit., "most eloquent")|فُصْحى|noun|languages||n
to prefer|فَضَّلَ (يُفَضِّل) تَفْضيل|verb|||n
train|قِطار|noun|transportation|m|n
trains|قِطارات|noun|transportation|m|y
arch|قَوْس|noun||m|n
arches|أقْواس|noun||m|y
lightly salted, partially dehydrated yogurt with olive oil|لَبَنة|noun|food|f|n
for this reason, therefore|لِذلِكَ|adv|||n
station|مَحَطّة|noun|locations|f|n
stations|مَحَطّات|noun|locations|f|y
crowded|مُزْدَحِم|adj|||n
famous, well-known|مَشْهور|adj|||n
famous, well-known (pl)|(ون), مَشاهير|adj|||y
pasta, macaroni|مَعْكَرونة|noun|food|f|n
place of entertainment|مَلْهىً|noun|entertainment|m|n
places of entertainment|مَلاهٍ|noun|entertainment|m|y
engineer|مُهَنْدِس|noun|occupations|m|n
engineers|مُهَندِسون|noun|occupations|m|y
clean|نَظيف|adj||m|n
end|نِهاية|noun|common|f|n
ends|نِهايات|noun|common|f|y
to celebrate|اِحْتَفَلَ (يَحْتَفِلُ) اِحْتِفال بِـ|verb|||n
independence|اِسْتِقلال|noun|abstract|m|n
Islam|إسلام|noun|Islam|m|n
country|بَلَد|noun|places|m|n
countries|بِلاد|noun|places|m|y
to graduate|تَخَرَّجَ (يتخرَّجُ) تَخَرُّج|verb|||n
education, upbringing|تَرْبِية|noun|education|f|n
instruction, education|تَعليم|noun|education|m|n
revolution|ثَوْرة|noun||f|n
revolutions|ثَورات|noun||f|y
pilgrimage|حَجّ|noun|Islam|m|n
dessert, sweets|حَلْوى|noun|food|f|n
desserts, sweets|حَلوَيات|noun|food|f|y
special, particular (to)|خاصّ|adj|||n
rooster|ديك|noun|animals|m|n
roosters|دِيَكة|noun|animals|m|y
turkey|ديك حَبَش|noun|food|m|n
with, of, owner of|ذو|noun||m|n
with, of, owner of (pl)|ذَوو|noun||m|y
head|رأس|noun|body|m|n
heads|رُؤوس|noun|body|m|y
to adorn, to decorate|زَيَّنَ (يُزَيِّنُ) تزيين|verb|||n
square, courtyard|ساحة|noun|locations|f|n
squares, courtyards|ساحات|noun|locations|f|y
to save, to protect|سَلَّمَ (يُسَلِّمُ) تَسْليم|verb|||n
age of a person|سِنّ|noun|common|m|n
to become|صارَ (يَصيرُ) صَيْر، صَيْرورة، مَصير|verb|||n
to fast|صامَ (يَصومُ) صوْم|verb|||n
to pray, to bless|صَلّى (يُصَلّي)|verb|||n
to manufacture, to make|صَنَعَ (يَصنَعُ) صِناعة|verb|||n
food|طَعلم|noun|food|m|n
foods|أطْعِمة|noun|food|m|y
phrase|عِبارة|noun|grammar|f|n
phrases|عِبارات|noun|grammar|f|y
to be off from work|عَطّّلَ (يِعِطِّلُ) تَعْطيل|verb|||n
Feast of Immolation/sacrifice|عيدُ اﻷضْحى|noun|holidays|m|n
Thanksgiving|عيدُ الشُكْرِ|noun|holidays|m|n
Easter|عيدُ الفِصْحِ|noun|holidays|m|n
feast of breaking the Ramadan fast|عيدُ الفِطْرِ|noun|holidays|m|n
Christmas|عيدُ الميلاد|noun|holidays|m|n
dawn, daybreak|فَجْر|noun|times|m|n
pie|فَطيرة|noun|food|f|n
pies|فَطائِر|noun|food|f|y
pumpkin|قَرْع|noun|food|m|n
blessed|مُبارَك|noun||m|n
intermediate|مُتَوَسِّط|adj|common|m|n
Muslim|مُسْلِم|noun|Islam|m|n
Muslims|مُسْلِمون|noun|Islam|m|y
Christ|المَسيح|noun|religious|m|n
teacher|مُعَلِّم|noun|occupations|m|n
teachers|مُعَلِّمون|noun|occupations|m|y
information|مَعلومة|noun||f|n
information (pl)|مَعلومات|noun||f|y
sunset|مَغْرِب|noun|times|m|n
occasion|مُناسَبة|noun||f|n
occasions|مُناسَبات|noun||f|y
region|مِنْطَقة|noun|places|f|n
regions|مَناطِق|noun|places|f|y
birthday, birthplace|مَوْلِد|noun||m|n
birth, birthday|ميلاد|noun||m|n
births, birthdays|مَواليد|noun||m|y
prophet|نَبيّ|noun|religious|m|n
prophets|أنْبياء|noun|religious|m|y
to congratulate, to felicitate|هَنَّأ (يُهَنِّئُ) تَهنئة|verb|||n
to be born (passive)|وُلِدَ (يولَدُ) وِﻻدة/مَوْلِد|verb|||n
social gathering|اِجْتِماع|noun||m|n
social gatherings|اِجْتِماعات|noun||m|y
to use, to utilize, to employ|اِستَخدَمَ (يَستَخدِمُ) اِستِخدام|verb|||n
to become a martyr|اُسْتُشْهِدَ (يُستَشْهَدُ) اِسْتِشهاد|verb|||n
to establish, to found|أسَّسَ (يُؤَسِّسُ) تأسيس|verb|||n
black|أسْوَد|noun|colors|m|n
black (pl)|سود|noun|colors|m|y
to be assassinated|اُغْتيلَ (يُغتالُ) اِغتِيال|verb|||n
prince|أمير|noun|titles|m|n
princes|أُمَراء|noun|titles|m|y
to elect|اِنْتَخَبَ (يَنتَخِبُ) اِنتِخاب|verb|||n
Andalusia, Muslim Spain|اﻷنْدَلُس|noun|places|f|n
history|تاريخ|noun|subjects|m|n
history (pl)|تَواريخ|noun|subjects|m|y
discrimination|تَمييز|noun||m|n
to pass away|تُوُفِيَ (يُتَوَفّى) وَفاة|verb|||n
mosque|جامِع|noun|Islam|m|n
mosques|جَوامِع|noun|Islam|m|y
prize, award|جائِزة|noun||m|n
prizes, awards|جَوائِز|noun||m|y
algebra|جَبْر|noun|subjects|m|n
to be wounded, to be hurt|جُرِحَ (يُجرَحُ) جَرح|verb|||n
republic|جُمهوريّة|noun||f|n
republics|جُمهوريّات|noun||f|y
army|جَيْش|noun||m|n
armies|جُيوش|noun||m|y
to fight|حارَبَ (يُحارِبُ) حَرْب/مُحارَبة|verb|||n
war|حَرْب|noun||f|n
wars|حُروب|noun||f|y
account|حِساب|noun||m|n
accounts|حِسابات|noun||m|y
to acquire, to obtain, to get|حَصَلَ (يَحصُلُ) حُصول|verb|||n
to tell a story; to talk|حَكَى (يَحْكي) حِكاية|verb|||n
to go out; to exit|خَرَجَ (يَخرُجُ) خُروج|verb|||n
orator, preacher, speaker|خَطيب|noun|occupations|m|n
orators, preachers, speakers|خُطَباء|noun|occupations|m|y
to enter|دَخَلَ (يَدخُلُ) دُخول|verb|||n
to pay|دَفَعَ (يَدْفَعُ) دَفْع|verb|||n
defense|دِفاع|noun||m|n
defenses|دِفاعات|noun||m|y
to reject|رَفَضَ (يَرفُضُ/يَرفِضُ) رَفْض|verb|||n
leader, president|رَئيس|noun|occupations|m|n
leaders, presidents|رُؤَساء|noun|occupations|m|y
leader (popular)|زَعيم|noun|occupations|m|n
leaders (popular)|زُعَماء|noun|occupations|m|y
young man|شابّ|noun|people|m|n
young men|شَباب|noun|people|m|y
poet|شاعِر|noun|occupations|m|n
poets|شُعَراء|noun|occupations|m|y
personality, character|شَخصِيّة|noun|abstract|f|n
personalities, characters|شَخصِيّات|noun|abstract|f|y
ranking officer|ضابِط|noun||m|n
ranking officers|ضُبّاط|noun||m|y
to request, to order (e.g. in a restaurant)|طَلَبَ (يَطْلُب) طَلَب|verb|||n
Toulon (a town in southern France)|طولون|noun|places|f|n
scholar, scientist|عالِم|noun|occupations|m|n
scholars, scientists|عُلَماء|noun|occupations|m|y
sociologist|عالِم اجْتِماع|noun|occupations|m|n
sociology|عِلْم اجْتِماع|noun|subjects|m|n
to introduce someone to someone else|عَرَّفَ (يُعَرِّف) تَعريف (على)|verb|||n
race, element|عُنصٌر|noun||m|n
races, elements|عَناصِر|noun||m|y
racial|عُنصُريّ|adj|||n
philosophy|فَلْسَفة|noun|subjects|f|n
philosophies|فَلسَفات|noun|subjects|f|y
philosopher|فَيْلَسوف|noun|occupations|m|n
philosophers|فَلاسِفة|noun|occupations|m|y
to do, to perform|قامَ (يَقومُ) قِيام|verb|||n
law|قانون|noun|subjects|m|n
laws|قَوانين|noun|subjects|m|y
leader (military)|قائد|noun|occupations|m|n
leaders (military)|قادة|noun|occupations|m|y
village|قَرية|noun|places|f|n
villages|قُرى|noun|places|f|y
priest|قِسّيس|noun|religious|m|n
priests|قِسّاوِسة|noun|religious|m|y
writer, scribe|كاتِب|noun|occupations|m|n
writers, scribes|كُتّاب/كَتَبة|noun|occupations|m|y
for the sake of (Syrian colloquial)|كرمال|phrase|||n
generous|كَريم|adj|||n
generous (pl)|كُرَماء|adj|||y
necessary|ﻻزِم|adj|common||n
lawyer, attorney, counsel|مُحامٍ|noun|occupations|m|n
lawyers, attorneys, counsels|مُحامون|noun|occupations|m|y
mixed|مُشَكَّل|adj|||n
introduction|مُقَدِّمة|noun||f|n
place, location|مَكان|noun||m|n
places, locations|أمْكِنة|noun||m|y
king|مَلِك|noun|occupations|m|n
kings|مُلوك|noun|occupations|m|y
good (Syrian colloquial)|مْنيح|adj|common||n
good (Syrian colloquial) (pl)|امْناح|adj|common||y
historian|مُؤَرِّخ|noun|occupations|m|n
historians|مُؤَرِّخون|noun|occupations|m|y
to be sent into exile, to be expelled|نُفِيَ (يُنْفى) نَفْيٌ|verb|||n
now (Syrian colloquial)|هَللأ/هَلَّق|adv|common||n
minister|وَزير|noun|occupations|m|n
ministers|وُزَراء|noun|occupations|m|y
foreigner|أَجْنَبيّ|noun||m|n
foreigners|أَجانِب|noun||m|y
foreign|أجْنَبيّ/أجْنَبيَّة|adj|||n
to take|أَخَذَ (يَأخُذُ) أخْذ|verb|||n
to send|أرْسَلَ (يُرسِلُ) إرْسال|verb|||n
to receive (someone)|اِسْتَقبَلَ (يَسْتَقبِلُ) اِستِقبال|verb|||n
to believe|اِعتَقَدَ (يَعتَقِدُ) اِعتِقاد|verb|||n
inflammation, infection|اِلْتِهاب|noun|medical|m|n
inflammations, infections|اِلتِهابات|noun|medical|m|y
pain|ألَم|noun||m|n
pains|آلآم|noun||m|y
to hurt|آلَمَ (يُؤلِمُ)|verb|||n
as for, but, yet, however|أمّا|particle|||n
to finish, to come to an end|اِنْتَهى (يَنْتَهي) اِنتِهاء|verb|||n
to begin|بَدَأَ (يَبدَأُ) بَدْء|verb|||n
beginning|بِداية|noun||f|n
beginnings|بِدايات|noun||f|y
only (Syrian colloquial)|بَسّ|adv|||n
gate|بَوّابة|noun||f|n
gates|بَوّابات|noun||f|y
sitting|جالِس|noun||m|n
sitting (pl)|جالِسون|noun||m|y
pill|حَبّة|noun|medical|m|n
pills|حَبّات|noun|medical|m|y
government|حُكومة|noun||f|n
governments|حُكومات|noun||f|y
to carry|حَمَلَ (يَحْمِلُ) حَمْل|verb|||n
to see|رَأى (يَرى) رُؤية|verb|||n
housewife|رَبّةُ بَيْت|noun|occupations|f|n
housewives|رِبّات بُيوت|noun|occupations|f|y
future marker (=will in Syrian colloquial)|رَح|particle|||n
colleague, coworker|زَميل|noun|people|m|n
colleagues, coworkers|زُمَلاء|noun|people|m|y
mail carrier|ساعٍ|noun|occupations|m|n
mail carriers|سُعاة (ساعي بَريد)|noun|occupations|m|y
to help, to assist|ساعَدَ (يُساعِدُ) مُساعَدة|verb|||n
safe, secure; healthy|سالِم|noun|descriptive|m|n
safe, secure; healthy (pl)|سالِمون|noun|descriptive|m|y
reason, cause|سَبَب|noun||m|n
reasons, causes|أسْباب|noun||m|y
Syria, Damascus, Greater Syria|الشام|noun|places|f|n
drink, beverage, sherbert|شَراب|noun|food|m|n
drinks, beverages, sherberts|أشْرِبة، شَرابات|noun|food|m|y
opposite, anti-, adversary, opponent|ضِدٌّ|noun||m|n
opposites, anti-, adversaries, opponents|أضْداد|noun||m|y
molar tooth|ضِرْس|noun|body|m|n
molar teeth|أضْراس، ضُروس|noun|body|m|y
physician, doctor|طَبيب|noun|occupations|m|n
physicians, doctors|أَطِبّاء|noun|occupations|m|y
good|طَيِّب|noun|descriptive|m|n
goods|طَيِّبون|noun|descriptive|m|y
year|عام|noun|times|m|n
years|أعْوام|noun|times|m|y
crowded (Syrian colloquial)|عَجْقة|noun||f|n
to know|عَلِمَ (يَعْلَمُ) عِلْم|verb|||n
sunset|غُروب|noun|times|m|n
rich, wealthy|غَنيّ|noun|descriptive|m|n
rich, wealthy (pl)|أغنِياء|noun|descriptive|m|y
and, then, so|فـ|particle|||n
benefit, use, advantage|فائِدة|noun||f|n
benefits, uses, advantages|فَوائِد|noun||f|y
poor|فَقير|noun|descriptive|m|n
poor (pl)|فُقَراء|noun|descriptive|m|y
to worry|قَلِقَ (يَقْلَق) قَلَق|verb|||n
as|كَمل|particle|||n
electricity|كَهْرَباء|noun||f|n
not (particle used to negate past-tense verbs)|لَمْ|particle|||n
(a) night|لَيْلة|noun|times|f|n
nights|لَيالٍ|noun|times|f|y
except|ما عَدا|particle|||n
previous, last, past|ماضٍ (الماضي)|adj|common||n
school|مَدْرَسة|noun|education|f|n
schools|مَدارِس|noun|education|f|y
greeting|مُعايَدة|noun||f|n
greetings|مُعايَدات|noun||f|y
written|مَكْتوب|noun||m|n
scholarship, grant, gift|مِنْحة|noun|education|f|n
scholarships, grants, gifts|مِنَح|noun|education|f|y
kind, sort|نَوْع|noun||m|n
kinds, sorts|أنْواع|noun||m|y
to find|وَجَدَ (يَجِدُ) وُجود|verb|||n
furniture|أثاث|noun|household|m|n
to meet; to gather|اِجْتَمَعَ (يَجْتَمِع) اِجْتِماع|verb|||n
to lease, to let|أجَّر (يؤجِّر) تأجير|verb|||n
rent, wage, fare|أُجْرة|noun||f|n
rents, wages, fares|أُجور|noun||f|y
other|آخَر|noun|common|m|n
other (pl)|آخَرون|noun|common|m|y
couch|أريكة|noun|household|f|n
couches|أرائِك|noun|household|f|y
to rent, to hire|استأجَرَ (يَستأجِرُ) استِئجار|verb|||n
to please|أَعْجَبَ (يُعْجِبُ) إعْجاب|verb|||n
advertisement|إعْلان|noun||m|n
advertisements|إعْلانات|noun||m|y
in front of|أمامَ|prep|common||n
to (infinitive)|أنْ|particle|||n
Europe|أوروبا|noun|places|f|n
rent|إيجار|noun||m|n
rent (pl)|إيجارات|noun||m|y
refrigerator (Syria)|بَرّاد|noun|household|m|n
refrigerators (Syria)|بَرّادات|noun|household|m|y
far|بَعيد|adv|||n
grocer|بَقّال|noun|occupations|m|n
grocers|بَقّالون|noun|occupations|m|y
local, popular|بَلَديّ|adj|||n
bank (colloquial)|بَنْك|noun|locations|m|n
banks (colloquial)|بُنوك|noun|locations|m|y
to be late|تَأخَّرَ (يَتَأخَّرُ) تَأخُّر|verb|||n
insurance|تأمين|noun||m|n
insurance (pl)|تأمينات|noun||m|y
telephone (colloquial)|تَليفون|noun|household|m|n
telephones (colloquial)|تَليفونات|noun|household|m|y
refrigerator (Egypt)|ثَلاّجة|noun|household|f|n
refrigerators (Egypt)|ثلاّجات|noun|household|f|y
part|جُزْء|noun||m|n
parts|أجْزاء|noun||m|y
dishwasher|جَلاّية|noun|household|f|n
dishwashers|جَلاّيات|noun|household|f|y
[Egyptian] pound|جُنَيه|noun||m|n
[Egyptian] pounds|جُنَيْهات|noun||m|y
park, garden|حَديقة|noun|locations|f|n
parks, gardens|حَدائِق|noun|locations|f|y
[bath] tub|حَوْض|noun|household|m|n
[bath] tubs|أحْواض|noun|household|m|y
servant|خادِم|noun|occupations|m|n
servants|خَدَم|noun|occupations|m|y
baker|خَبّاز|noun|occupations|m|n
bakers|خَبّازون|noun|occupations|m|y
wood, lumber, timber|خَشَب|noun||m|n
wood, lumber, timber (pl)|أخْشاب|noun||m|y
greengrocer|خُضَريّ|noun|occupations|m|n
greengrocers|خُضَريّون|noun|occupations|m|y
behind|خَلفَ|prep|common||n
shop, store|دُكّان|noun|locations|f|n
shops, stores|دَكاكين|noun|locations|f|y
dinar (Algeria, Bahrain, Iraq, Kuwait)|دينار|noun||m|n
dinars (Algeria, Bahrain, Iraq, Kuwait)|دَنانير|noun||m|y
water heater|سَخّان لِلماء|noun|||n
truck|شاحِنة|noun|transportation|f|n
trucks|شاحِنات|noun|transportation|f|y
company|شَرِكة|noun||f|n
companies|شَرِكات|noun||f|y
health|صِحّة|noun|||n
floor, story, flat|طابَق|noun||m|n
floors, stories, flats|طَوابِق|noun||m|y
in general, generally|على العُموم|adv|||n
to hang|عَلَّقَ (يُعَلِّقُ) تَعْليق|verb|||n
doctor's practice, clinic|عِيادة|noun|locations|f|n
doctors' practices, clinics|عِيادات|noun|locations|f|y
bread (Egypt)|عَيش|noun|food|m|n
[butane] gas|غاز|noun||m|n
[butane] gases|غازات|noun||m|y
washing machine|غَسّالة|noun|household|f|n
washing machines|غَسّالات|noun|household|f|y
deluxe, fancy, excellent, luxurious|فاخِر|adj|||n
[Syrian] pound; lira|لَيْرة|noun||f|n
[Syrian] pounds; liras|لَيْرات|noun||f|y
meter|م (مِتْر)|noun||m|n
meters|أمْتار|noun||m|y
kitchen sink|مَجْلى|noun|household|m|n
kitchen sinks|مَجالٍ|noun|household|m|y
bakery|مَخْبَز|noun|locations|m|n
bakeries|مَخابِز|noun|locations|m|y
[floor] plan, map|مُخَطَّط|noun||m|n
[floor] plans, maps|مُخَطّطات|noun||m|y
mirror|مِرْآة|noun|household|f|n
mirrors|مَرايا|noun|household|f|y
toilet|مِرْحاض|noun|household|m|n
toilets|مَراحيض|noun|household|m|y
elevated|مُرْتَفِع|adj|||n
comfortable|مُريح|adj|||n
lamp|مِصْباح|noun|household|m|n
lamps|مَصابيح|noun|household|m|y
bank|مَصْرِف|noun|locations|m|n
banks|مَصارِف|noun|locations|m|y
overlooking|مُطِلٌّ|noun|||n
washbasin, bathroom sink|مَغْسَلة|noun|household|f|n
washbasins, bathroom sinks|مَغاسِل|noun|household|f|y
opposite, across from|مُقابِل|adv|||n
clothes|مَلبَس|noun|clothing|m|n
clothes (pl)|مَلابِس|noun|clothing|m|y
[cooking] range|مَوْقِد|noun|household|m|n
[cooking] ranges|مَواقِد|noun|household|m|y
[bus] stop, parking lot|مَوْقِف|noun|transportation|m|n
[bus] stops, parking lots|مَواقِف|noun|transportation|m|y
spacious, large|واسِع|adj|||n
there is/are, to exist|وُجِدَ (يوجَدُ)|verb|||n
to put|وَضَعَ (يَضَعُ) وَضْع|verb|||n
to be located; fall down|وَقَعَ (يَقَعُ) وُقوع/وَقْع|verb|||n
left|يَسار|noun|directions|m|n
right|يَمين|noun|directions|m|n
to return|آبَ (يَؤوبُ) إياب|verb|||n
white|أبيَض|noun|colors|m|n
white (pl)|بيض|noun|colors|m|y
ruin, antiquity, artifact, relic|أثَر|noun||m|n
ruins, antiquities, artifacts, relics|آثار|noun||m|y
to respond, to answer|أجابَ (يُجيبُ) إجابة|verb|||n
then, therefore|إذاً|adv|||n
to enjoy|استَمتَعَ (يَستَمتِعُ) استِمتاع|verb|||n
until|إلى أنْ|conj|||n
apparatus, device, gadget, machine|آلة|noun||f|n
apparatuses, devices, gadgets, machines|آلات|noun||f|y
to meet, converge, encounter|التَقى (يَلتَقي) التِقاء|verb|||n
to take, make (a picture); to pick up|اِلْتَقَطَ (يَلْتَقِطُ) اِلْتِقاط|verb|||n
who, that|الّّتي|noun||f|n
who, that|الَّذي|noun||m|n
to examine, to test|امتَحَنَ (يَمتَحِنُ) امتِحان|verb|||n
early|باكِراً|adv|||n
mail, post|بَريد|noun||m|n
to remain, to stay|بَقِيَ (يَبْقى) بَقاء|verb|||n
to build, to construct|بَنى (يَبني) بِناء|verb|||n
to wander about, to tour|تَجَوَّلَ (يَتَجَوَّلُ) تَجَوُّل|verb|||n
ticket|تَذكِرة|noun||f|n
tickets|تَذاكِر|noun||f|y
statue|تِمثال|noun||m|n
statues|تَماثيل|noun||m|y
camel|جَمَل|noun|animals|m|n
camels|جِمال|noun|animals|m|y
liberty, freedom|حُرِّيّة|noun|abstract|f|n
liberties, freedoms|حُرِّيّات|noun|abstract|f|y
animal|حَيَوان|noun|animals|m|n
animals|حَيَوانات|noun|animals|m|y
always|دائماً|adv|||n
to smoke (e.g. a cigarette)|دَخَّنَ (يُدَخِّنُ) تَدْخين|verb|||n
to go (Syrian colloquial)|راح (يروح) على|verb|||n
to hope|رَجا (يَرجو)رَجاء|verb|||n
to ride, to mount|رَكِبَ (يَركَبُ) رُكوب|verb|||n
unsweetened coffee|سادة|noun|food||n
to move, to walk, to travel, to march, to follow|سارَ (يَسيرُ) سَيْر|verb|||n
happy, pleased, joyful|سَعيد|adj||m|n
happy, pleased, joyful (pl)|سُعَداء|adj||m|y
question, query|سُؤال|noun||m|n
questions, queries|أسئِلة|noun||m|y
waterfall|شَلاّل|noun||m|n
waterfalls|شَلاّلات|noun||m|y
north|شَمال|noun|directions|m|n
bon appétit (Syrian colloquial)|صَحّة و هَنا|phrase|||n
industry|صِناعة|noun||f|n
industries|صِناعات|noun||f|y
to make a picture, to portray, to illustrate|سَوَّرَ (يُصَوِّرُ) تَصوير|verb|||n
number (quantity)|عَدَد|noun||m|n
numbers (quantity)|أعْداد|noun||m|y
show, demonstration, performance|عَرْض|noun|entertainment|m|n
shows, demonstrations, performances|عُروض|noun|entertainment|m|y
dear, esteemed, beloved|عَزيز|noun|descriptive|m|n
dear, esteemed, beloved (pl)|أعِزّاء|noun|descriptive|m|y
great, important, imposing|عَظيم|noun|descriptive|m|n
great, important, imposing (pl)|عُظَماء|noun|descriptive|m|y
expensive, dear|غالٍ|noun|descriptive|m|n
often, mostly, generally|غالِباً|adv|||n
west|غَرْب|noun|directions|m|n
pharoah|فِرعَون|noun|titles|m|n
pharoahs|فَراعِنة|noun|titles|m|y
band, company, troupe|فِرقة|noun||f|n
bands, companies, troupes|فِرَق، أفْرِقة|noun||f|y
boat|قارِب|noun|transportation|m|n
boats|قَوارِب|noun|transportation|m|y
to gamble|قامَرَ (يُقامِرُ) مُقامَر، قِمار|verb|||n
to serve, to provide|قَدَّمَ (يُقَدِّمُ) تَقديم|verb|||n
also, as well|كَذلِكَ|adv|||n
kilometer|كيلومِتر|noun|measurements|m|n
kilometers|كيلومِترات|noun|measurements|m|y
at (expressing possession)|لَدى|prep|||n
game, play, ride|لُعبة|noun|entertainment|f|n
games, plays, rides|لُعبات، ألعاب|noun|entertainment|f|y
building, construction|مَبنى|noun||m|n
buildings, constructions|مَبانٍ|noun||m|y
museum|مُتحَف|noun|locations|m|n
museums|مَتاحِف|noun|locations|m|y
loving|مُحِبّ|noun|descriptive||n
loving (pl)|مُحِبّون|noun|descriptive||y
sincere, faithful, (sincerely yours)|مُخلِص|noun|descriptive|m|n
sincere, faithful, (sincerely yours) (pl)|مُخلِصون|noun|descriptive|m|y
period, duration|مُدّة|noun|times|f|n
periods, durations|مُدَد|noun|times|f|y
to pass, to go by|مَرَّ (يَمُرُّ) مُرور|verb|||n
mosque|مَسجِد|noun|Islam|m|n
mosques|مَساجِد|noun|Islam|m|y
theater, stage|مَسرَح|noun|entertainment|m|n
theaters, stages|مَسارِح|noun|entertainment|m|y
one who is longing, yearning|مُشْتاق|noun|||n
one who is longing, yearning (pl)|مُشْتاقون|noun|||y
elevator, lift|مِصعَد|noun||m|n
elevators, lifts|مَصاعِد|noun||m|y
though, although|مَعَ أنَّ|conj|||n
coming, next, following|مُقبِل|noun|common|m|n
coming, next, following (pl)|مُقبِلون|noun|common|m|y
million|مِليون|noun|numbers|m|n
since, for|مُنْدُ|prep|||n
square, field, arena|مَيدان|noun|locations|m|n
squares, fields, arenas|مَيادين|noun|locations|m|y
port|ميناء|noun|locations|m|n
ports|مَوانِئ|noun|locations|m|y
person (used in population counts)|نَسَمة|noun|people|f|n
people (used in population counts)|نَسَمات|noun|people|f|y
important, significant|هامٌّ|noun|descriptive||n
important, significant (pl)|هامّون|noun|descriptive||y
pyramid|هَرَم|noun||m|n
pyramids|أهرام/أهرامات|noun||m|y
father, parent|والِد|noun|family|m|n
fathers, parents|والِدون|noun|family|m|y
never, not at all|أبَداً|adv|||n
to hold, to contain|اتَّسَعَ (يَتَّسِعُ) اتِّساع|verb|||n
to contact|اِتَّصَلَ (يَتَّصِلُ) اِتِّصال (بـ)|verb|||n
to agree (with someone)|اِتَّفَقَ (يَتَّفِقُ) اِتِّفاق (مَعَ)|verb|||n
pear|إجّاص|noun|food|m|n
red|أحمَر|adj|colors||n
red (pl)|حُمْر|adj|colors||y
to notify, to inform|أخْبَرَ (يُخْبِرُ) إخْبار|verb|||n
blue|أزرَق|adj|colors||n
blue (pl)|زُرْق|adj|colors||y
yellow|أصْفَر|adj|colors||n
yellow (pl)|صُفْر|adj|colors||y
eggplant|باذِنجان|noun|food|m|n
green peas|بازِلاء|noun|food|f|n
ochra|بامْية|noun|food|f|n
slowly|بِبُطءٍ|adv|||n
seed, kernel|بِذرة|noun|plants|f|n
seeds, kernels|بُذور|noun|plants|f|y
watermelon|بِطّيخ|noun|food|m|n
cow, cattle|بَقَرة|noun|animals|f|n
cows, cattle|أبْقار/بَقَر|noun|animals|f|y
tomato|بَنَدورة (طَماطِم في مصر)|noun|food|f|n
white|بَيضاء|adj|colors|f|n
white (pl)|بيض|adj|colors|f|y
spice, condiment, seasoning|تابِل|noun|food|m|n
spices, condiments, seasonings|تَوابِل|noun|food|m|y
approximately, about, nearly, roughly|تَقريباً|adv|||n
berry|توت|noun|food|m|n
garlic|ثوم|noun|food|m|n
to run, to flow, to hurry, to rush, to happen, to occur|جَرى (يَجري) جَري|verb|||n
horse|حِصان|noun|animals|m|n
horses|أحْصِبة|noun|animals|m|y
lettuce|خَسّ|noun|food|m|n
especially, particularly|جُصوصاً|adv|||n
party|حَفْلة|noun|entertainment|f|n
parties|حَفَلات|noun|entertainment|f|y
corn|ذُرة|noun|food|f|n
perhaps, probably|رُبَّما|adv|||n
basket|سَلّة|noun||f|n
baskets|سِلال|noun||f|y
a kind of toasted thin bread|سَميط|noun|food|m|n
to explain, to explain, to illustrate|شَرَحَ (يَشرَحُ) شَرْح|verb|||n
sandwich|شَطيرة|noun|food|f|n
sandwiches|شَطائِر|noun|food|f|y
to grill, to boil|شَوى (يَشوي) شَي|verb|||n
to laugh|ضَحِكَ (يَضْحَكُ) ضِحْك|verb|||n
public|عامّ|adj|||n
stick, rod, cane|عَصا|noun||f|n
sticks, rods, canes|عُصِيّ|noun||f|y
it seems; it appears|على ما يَبْدو (أنّ)|phrase|||n
grape|عِنَب|noun|food|m|n
non-, un-, other than, different from|غَيْر|noun||m|n
to win|فازَ (يفوزُ) فَوز|verb|||n
green beans|فاصولية|noun|food|f|n
team, company, band, troupe|فَريق|noun||f|n
teams, companies, bands, troupes|فِرَق|noun||f|y
to think, to reflect, to ponder (not to believe)|فَكَّرَ (يُفَكِّرُ) تَفْكير|verb|||n
green (bell) pepper|فُلَيفُلة|noun|food|f|n
to understand, to comprehend, to realize|فَهِمَ (يَفْهَمُ) فَهْم|verb|||n
peanuts|فول (سوداني)|noun|food|m|n
rule, principle, basis, foundation, base|قاعِدة|noun||f|n
rules, principles, bases, foundations|قَواعِد|noun||f|y
cauliflower|قَرنَبيط|noun|food|m|n
like, as|كَـ|prep|||n
sufficient|كافٍ (الكافي)|adj|||n
ball, sphere|كُرة|noun|sports|f|n
balls, spheres|كُرات|noun|sports|f|y
basketball|كُرةُ السَلّة|noun|sports||n
table tennis|كُرةُ الطاولة|noun|sports||n
volleyball|الكُرةُ الطائرة|noun|sports||n
football/soccer|كُرةُ القَدَم|noun|sports||n
water polo|كُرةُ الماء|noun|sports||n
tennis|كُرةُ المَضرِب|noun|sports||n
zucchini|كوسا|noun|food|m|n
kernel, seed|لُبّ|noun|plants|m|n
kernels, seeds|لُبوب|noun|plants|m|y
delicious, delightful, tasty|لَذيذ|adj||m|n
to play|لَعِبَ (يَلعَبُ) لُعْب|verb|||n
no longer|لَمْ يَعُدْ|phrase|||n
soda|ماء غازيّ|noun|food|f|n
sodas|مِياه غازيّة|noun|food|f|y
match, game|مُباراة|noun|sports|f|n
matches, games|مُبارَيات|noun|sports|f|y
spectator|مُتَفَرِّج|noun|sports|m|n
spectators|ون|noun|sports|m|y
roasted, toasted|مُحَمَّص|adj|food|m|n
grill, gridiron|مِشواة|noun||f|n
grills, gridirons|مَشاوٍ|noun||f|y
grilled|مَشويّ|adj|food||n
preferred, favorite|مُفَضَّل|adj||m|n
banana|مَوْز|noun|food|m|n
small, spicy mutton sausage|نَقانِق (أو مَقانِق)|noun|food||n
time|وَقْت|noun||m|n
times|أوْقات|noun||m|y
during|أثْناء|prep|||n
Asia|آسيا|noun|places|f|n
to overlook|أطَلَّ (يُطِلُّ) إطْلال|verb|||n
Atlantic|أطلَسيّ|adj|places||n
to discharge a firearm, to shoot; to dispatch|أطْلَقَ (يُطْلِق) إطْلاق|verb|||n
to consider|اِعتَبَرَ (يَعتَبِرُ) اِعتِبار|verb|||n
top, highest point, upper|أعْلى|noun|common|m|n
tops, highest points, upper|أعالٍ|noun|common|m|y
Africa|إفريقية|noun|places|f|n
region|إقليم|noun|places|m|n
regions|أقاليم|noun|places|m|y
to produce|أنتَجَ (يُنتِجُ) إنتاج|verb|||n
to be interrupted, to be severed|اِنقَطَعَ (يَنقَطِعُ) اِنقِطاع|verb|||n
Iran|إيران|noun|places||n
semi-arid desert|بادِية|noun|geography|f|n
semi-arid deserts|بَوادٍ|noun|geography|f|y
merchandise, goods|بِضاعة|noun||f|n
merchandise, goods (pl)|بَضائِع|noun||f|y
ice cream|بوظة|noun|food|f|n
to consist of, to comprise|تَأَلَّفَ (يَتَألَّفُ) تَألُّف|verb|||n
traditional|تَقْليديّ|adj|||n
date (fruit)|تَمْر|noun|food|m|n
dates (fruit)|تُمور|noun|food|m|y
hole|ثَقْب|noun||m|n
holes|ثُقوب|noun||m|y
mountain|جَبَل|noun|geography|m|n
mountains|جِباب|noun|geography|m|y
to test, to try (not to attempt)|جَرَّبَ (يُجَرِّبُ) تَجْرِبة|verb|||n
island|جَزيرة|noun|geography|f|n
islands|جُزُر|noun|geography|f|y
geography|جغرافية|noun|subjects|m|n
south|جَنوب|noun|directions|m|n
device, apparatus, appliance|جِهاز|noun||m|n
devices, apparatuses, appliances|أجهِزة|noun||m|y
to border, to demarcate, to limit|حدَّ (يَحُدُّ) حَدّ|verb|||n
border, edge, boundary, borderline|حَدّ|noun||m|n
borders, edges, boundaries, borderlines|حُدود|noun||m|y
shoe|حِذاء|noun|clothing|m|n
shoes|أحْذية|noun|clothing|m|y
map|خَريطة|noun|directions|f|n
maps|خَرائِط|noun|directions|f|y
fertile|خَصيب|adj|||n
gulf, bay|خَليج|noun|geography|m|n
gulfs, bays|خُلجان|noun|geography|m|y
passenger, rider|راكِب|noun|transportation|m|n
passengers, riders|رُكّاب|noun|transportation|m|y
trip, journey, flight|رِحْلة|noun|transportation|f|n
trips, journeys, flights|رِحلات|noun|transportation|f|y
bullets; lead|رَصاص|noun||m|n
to irrigate, to water|رَوى (يَروي) رَيّ|verb|||n
to plant, to cultivate|زَرَعَ (يَزرَعُ) زَرْع، زِراعة|verb|||n
coast, shore|ساحِل|noun|geography|m|n
coasts, shores|سَواحِل|noun|geography|m|y
ceiling|سَقْف|noun|household|m|n
ceilings|سُقوف|noun|household|m|y
range, series, chain|سِلسِلة|noun|geography|f|n
ranges, series, chains|سَلاسِل|noun|geography|f|y
plain|سَهل|noun|geography|m|n
plains|سُهول|noun|geography|m|y
semi-, quasi, similarity|شِبْه|noun||m|n
semi-, quasi, similarities|أشباه|noun||m|y
emblem, sign, slogan|شِعار|noun||m|n
emblems, signs, slogans|شِعارات، أشعِرة|noun||m|y
to form, to constitute|شَكَّلَ (يُشَكِّلُ) تَشكيل|verb|||n
to flow into|صَبَّ (يصُبُّ) صَبّ|verb|||n
desert|صَحْراء|noun|geography|f|n
deserts|صَحاري|noun|geography|f|y
characteristic|صِفة|noun||f|n
characteristics|صِفات|noun||f|y
narrow, tight|ضَيِّق|adj|||n
capital city|عاصِمة|noun|places|f|n
capital cities|عَواصِم|noun|places|f|y
high, elevated|عالٍ (العالي)|adj|||n
several, multiple|عَديد|adj|common||n
throughout, all the way|على طُول|prep|||n
flag, banner|عَلَم|noun||m|n
flags, banners|أعْلام|noun||m|y
pistachio|فُسْتُق|noun|food|m|n
continent|قارّة|noun|geography|f|n
continents|قارّات|noun|geography|f|y
country|قُطْر|noun|places|m|n
countries|أقْطار|noun|places|m|y
cotton|قُطْن|noun|plants|m|n
wheat|قَمْح|noun|food|m|n
both|كِلا|noun|common||n
ocean|مُحيط|noun|geography|m|n
oceans|مُحيطات|noun|geography|m|y
square|مُرَبَّع|adj|||n
area|مِساحة|noun||f|n
areas|مِساحات|noun||f|y
made (of/from)|مَصْنوع (مِن)|participle|||n
covered (with)|مُغَطَّى (بِـ)|participle|||n
Mexico|المِكسيك|noun|places|f|n
product|مُنتَج|noun||m|n
products|مُنتَجات|noun||m|y
outlet|مَنْفَذ|noun|household|m|n
outlets|مَنافِذ|noun|household|m|y
to spring, to originate, to flow|نَبَعَ (يَنبُعُ) نَبْع|verb|||n
section, manner, mode, fashion|نَحْو|noun||m|n
sections, manners, modes, fashions|أنْحاء|noun||m|y
textile, tissue, fabric|نِسيج|noun||m|n
petroleum, crude oil|نِفْط|noun||m|n
Pacific|الهادي|adj|places||n
middle, central|وَسَط|noun|common|m|n
middle, central (pl)|أوساط|noun|common|m|y
for the sake of, because of|أجْل (مِن أجْلِ)|conj|||n
broadcasting station|إذاعَة|noun|entertainment|f|n
broadcasting stations|ات|noun|entertainment|f|y
to listen|اِسْتَمَعَ (يَسْتَمِعُ) اِسْتِماع|verb|||n
to enroll in, to subscribe to|اِشْتَرَكَ (يَشْتَرِكُ)اِشْتِراك|verb|||n
song|أُغبِية|noun|entertainment|f|n
songs|أغانٍ|noun|entertainment|f|y
to be possible|أمْكَنَ (يُمكِنُ) إمْكان|verb|||n
to broadcast|بَثَّ (يَبُثُّ) بَثّ|verb|||n
a few|بِضْع|noun|||n
to guess|حَزَرَ (يحْزِرُ) حَزْر|verb|||n
to improve, to make better|حَسَّنَ (يحَسِّنُ) تَحْسين|verb|||n
during, through|خِلال|prep|||n
to dance|رَقَصَ (يرقُصُ) رَقْص|verb|||n
wire|سِلْك|noun||m|n
wires|أسْلاك|noun||m|y
to hear|سَمِعَ (يَسْمَع) سَمْع|verb|||n
tape|شَريط|noun||m|n
tapes|أشْرِطة|noun||m|y
person|شَخْص|noun|people|m|n
people|أشْخاص|noun|people|m|y
honestly, candidly|صَراحةً (بِصَراحة)|noun||f|n
of course|طَبْعاً|adv|||n
nature|طَبيعة|noun||f|n
to appear, to become visible|ظَهَرَ (يَظهَرُ) ظُهور|verb|||n
to go back, to return|عادَ (يعودُ) عَوْد|verb|||n
colloquial, vulgar, dialectal|عاميّ|adj|||n
to sing|غَنّى (يُغَنّي) غِناء|verb|||n
riddle|فَزّورة|noun||f|n
riddles|فَوازير|noun||f|y
pure, good, clear, standard, or literary, Arabic|فَصيح|adj|||n
space|فَضاء|noun||m|n
moon, satellite|قَمَر|noun||m|n
moons, satellites|أقْمار|noun||m|y
channel|قَناة|noun|entertainment|f|n
channels|قَنَوات|noun|entertainment|f|y
cable|كيبِل|noun||m|n
to die|ماتَ (يموتُ) مَوْت|verb|||n
married man|مُتَزَوِّج|noun|people|m|n
married men|ون|noun|people|m|y
free of charge|مَجّانيّ|adj|||n
announcer|مُذيع|noun|occupations|m|n
announcers|ون|noun|occupations|m|y
entertainer|مُطْرِب|noun|occupations|m|n
entertainers|مُطْرِبون|noun|occupations|m|y
singer|مُغَنٍّ|noun|occupations|m|n
singers|ون|noun|occupations|m|y
interview|مُقابَلة|noun||f|n
interviews|ات|noun||f|y
excellent|مُمْتاز|adj|common||n
excellent (pl)|ون|adj|common||y
actor, representative|مُمَثِّل|noun|occupations|m|n
actors, representatives|ون|noun|occupations|m|y
by means of, via|مِن خِلالِ|prep|||n
wave|مَوْجة|noun||f|n
waves|ات|noun||f|y
bulletin, report|نَشْرة|noun||f|n
bulletins, reports|نَشَرات|noun||f|y
system|نِظام|noun||f|n
systems|أنْظِمة|noun||f|y
to differ (from)|اِخْتَلَفَ (يَخْتَلِفُ) اِخْتِلاف (عَن)|verb|||n
to rise, to be higher|اِرتَفَعَ (يَرتَفِعُ) اِرتِفاع|verb|||n
to host|اِستَضافَ (يستَضيفُ) استِضافة|verb|||n
to long (for), to yearn|اِشْتاقَ (يَشْتاقُ) اِشْتِياق (لـ/ألى)|verb|||n
to insist|أصَرَّ (يُصِرُّ) إصْرار|verb|||n
to draw near, get close (to)|اِقْتَرَبَ (يَقْتَرِبُ) اِقْتِراب (مِن)|verb|||n
if|إنْ|particle|||n
immensely, greatly|أيَّما|noun|||n
simple|بَسيط|adj|||n
simple (pl)|بُسطاء|adj|||y
visa|تأشيرة دُخول|noun||f|n
to push, shove one another|تَدافَعَ (يَتَدافَعُ) تَدافُع|verb|||n
to be accustomed to|تَعَوَّدَ (يَتَعَوَّدُ) تَعَوُّد (على)|verb|||n
to stroll; to have a good time; to go on a picnic|تَنَزَّهَ (يَتَنَزَّهُ) تَنَزُّه|verb|||n
passport|جَواز (سَفر)|noun||m|n
to attend, to be present|حَضَرَ (يحْضُرُ) حُضور|verb|||n
outside|خارِج|noun|||n
to diminish the difficulty of|خَفَّفَ (يُخَفِّفُ) تَخْفيف (عَن)|verb|||n
caliph, successor|خَليفة|noun|titles|m|n
caliphs, successors|خُلَفاء|noun|titles|m|y
to drive|ساقَ (يَسوقُ) سِياقة|verb|||n
silly, absurd, foolish|سَخيف|adj|||n
silly, absurd, foolish (pl)|سُخَفاء|adj|||y
to please, to be glad|سَرَّ (يَسُرُّ) سُرور|verb|||n
surface, level|سَطْح|noun||m|n
surfaces, levels|سُطوح|noun||m|y
political|سِياسيّ|adj|||n
interesting, thrilling|شَيِّق|adj|||n
journalist|صَحَفِيّ|noun|occupations|m|n
journalists|ون|noun|occupations|m|y
newspaper|صَحيفة|noun|entertainment|f|n
newspapers|صُحُف|noun|entertainment|f|y
to cross|عَبَرَ (يَعبُرُ) عُبور|verb|||n
opposite, reverse, contrary|عَكْس|noun|||n
to leave|غادَرَ (يُغادِرُ) مُغادَرة|verb|||n
peasant, farmworker|فَلاّح|noun|people|m|n
peasants, farmworkers|ون|noun|people|m|y
denotes completed action, emphasis, or possibility|قَد|particle|||n
a relative|قَريب|noun|family|m|n
relatives|أقارِب|noun|family|m|y
heart|قَلْل|noun|body|m|n
hearts|قُلوب|noun|body|m|y
hospitality, generosity|كَرَم|noun|abstract|m|n
speech, speaking|كَلام|noun||m|n
player|لاعِب|noun|sports|m|n
players|ون|noun|sports|m|y
expresses completed action with a perfect tense verb|لَقَد|particle|||n
society, community|مُجْتَمَع|noun||m|n
societies, communities|مُجْتَمَعات|noun||m|y
accountant|مُحاسِب|noun|occupations|m|n
accountants|ون|noun|occupations|m|y
farm|مَزْرَعة|noun|locations|f|n
farms|مَزارع|noun|locations|f|y
recorded|مُسَجَّل|adj|||n
factory, plant|مَصْنَع|noun|locations|m|n
factories, plants|مَصانِع|noun|locations|m|y
tablecloth|مَفرَش|noun|household|m|n
tablecloths|مَفارِش|noun|household|m|y
seat, bench, armchair|مَقْعَد|noun|household|m|n
seats, benches, armchairs|مَقاعِد|noun|household|m|y
enjoyable|مُمْتِع|adj|||n
polluted|مُلَوَّث|adj|||n
house, residence|مَنزِل|noun|household|m|n
houses, residences|مَنازِل|noun|household|m|y
view, panorama|مَنْظَر|noun||m|n
views, panoramas|مَناظِر|noun||m|y
means of transportation|مُواصَلة|noun|transportation|f|n
means of transportation (pl)|مُواصَلات|noun|transportation|f|y
waiter|نادِل|noun|occupations|m|n
waiters|نُدُل|noun|occupations|m|y
mint, peppermint|نَعناع|noun|food|m|n
pure|تَقيّ|adj|||n
quiet, serene|هادِئ|adj|||n
present, gift|هَدِيّة|noun||f|n
presents, gifts|هَدايا|noun||f|y
to select|اِخْتارَ (يَخْتارُ) اِخْتِيار|verb|||n
last, latest|آخِر|adj|||n
department|إدارة|noun||f|n
departments|إدارات|noun||f|y
to import|اِسْتَوْرَدَ (يَسْتَوْرِدُ) اِسْتِيراد|verb|||n
bottom, lowest point, lower|أسْفَل|noun||m|n
bottom, lowest points, lower (pl)|أسافِل|noun||m|y
to resemble|أشْبَهَ (يُشْبِهُ) شَبَه|verb|||n
to take care of, to tend|اِعْتَنى (يَعْتَني) اِعتِناء (بِـ)|verb|||n
to reside in|أقام (يُقيم) إقامة|verb|||n
female|أُنْثى|noun|descriptive|f|n
females|إناث|noun|descriptive|f|y
salesperson|بائِع|noun|occupations|m|n
salespersons|بائعون|noun|occupations|m|y
to appear, to seem|بَدا (يَبدو) بُدُوُّ/بَداء|verb|||n
brown|بُنّيّ|adj|colors||n
merchant, businessperson|تاجِر|noun|occupations|m|n
merchants, businesspersons|تُجّار|noun|occupations|m|y
to retire (from work)|تَقاعَدَ (يَتَقاعَدُ) تَقاعُد (عن)|verb|||n
signature|تَوْقيع|noun||m|n
grandfather|جَدّ|noun|family|m|n
grandfathers|جُدود|noun|family|m|y
geology|جيولوجيا|noun|subjects|f|n
maternal uncle|خال|noun|family|m|n
maternal uncles|أخْوال|noun|family|m|y
to store|خَزَّنَ (يُخَزِّنُ) تَخْزين|verb|||n
guide|دَليل|noun||m|n
guides|أدِلاّء|noun||m|y
to refer to, to review|راجَعَ (يُراجِعُ) مُراجعَة|verb|||n
to respond, to answer|رَدَّ (يَرُدُّ) رَدّ|verb|||n
to register, to record|سَجَّلَ (يُسَجِّلُ) تَسْجيل|verb|||n
tourist|سياحيّ|adj|||n
hair|شَعْر|noun|body|m|n
hairs|شُعور/أشْعار|noun|body|m|y
poetry, poem|شِعْر|noun||m|n
poetry (pl), poems|أشْعار|noun||m|y
last name, surname|شُهْرة|noun||f|n
to issue|صَدَرَ (يَصْدُرُ) صُدور|verb|||n
youngest, smallest|صُغرى|adj|common||n
pharmacist|صَيدلانِيّة|noun|occupations|f|n
pharmacy|صَيْدَليّة|noun|locations|f|n
height|طول|noun||m|n
paternal uncle|عَمّ|noun|family|m|n
paternal uncles|أعْمام|noun|family|m|y
age|عُمُر|noun||m|n
ages|أعْمار|noun||m|y
eye|عَيْن|noun|body|f|n
eyes|عُيون|noun|body|f|y
spare part, change|غِيار|noun||m|n
spare parts, changes|غيارات|noun||m|y
branch, subdivision|فَرْع|noun||m|n
branches, subdivisions|فُروع|noun||m|y
to talk to, to speak with|كَلَّمَ (يُكَلِّمُ)|verb|||n
retired person|مُتَقاعِد|noun|people|m|n
retired persons|مُتَقاعِدون|noun|people|m|y
store, warehouse|مَخْزَن|noun|locations|m|n
stores, warehouses|مَخازِن|noun|locations|m|y
teacher|مُدَرِّس|noun|occupations|m|n
teachers|مُدَرِّسون|noun|occupations|m|y
sick, ill, patient|مَريض|adj|medical|m|n
sick, ill, patient (pl)|مَرْضى|adj|medical|m|y
hospital|مُسْتَشْفى|noun|locations|m|n
effectiveness, validity|مَفعول|noun|||n
note, observation|مُلاحَظة|noun||f|n
notes, observations|مُلاحظات|noun||f|y
occupation, profession|مِهْنة|noun|occupations|f|n
occupations, professions|مِهَن|noun|occupations|f|y
consisting of, comprising|مُؤَلَّف (مِن)|participle|||n
same|نَفْس|noun||f|n
same (pl)|أنْفَس (...الـ)|noun||f|y
ministry, department in an administration|وِزارة|noun||f|n
ministries, departments in an administration|وِزارات|noun||f|y
good evening|مَساع الخَيْر|phrase|||n
fine, well|بِخَيْر|adj|common||n
tired|تَعْبان|adj|common||n
perfect, great|تَمام|adj|common||n
left (alternate)|شِمَال|noun|directions||n
what’s new? what’s going on?|ما أخْبلرُك؟|phrase|common||n
how are you?|كَيفَ الحال؟|phrase|common||n
where?|أَيْنَ|adv|common||n
television|تِلفاز|noun|technology||n
televisions|تِلفازات|noun|technology||y
newspaper (alternate)|جَريدَة|noun|entertainment||n
newspapers (alternate)|جَرائِد|noun|entertainment||y
computer|حاسوب|noun|technology||n
computers|حَواسين|noun|technology||y
you (m/f dual)|أنْتُما|pronoun|common||n
you (m pl)|أنْتُمْ|pronoun|common||n
you (f pl)|أنتُنَّ|pronoun|common||n
they (m/f dual)|هُما|pronoun|common||n
they (m pl)|هُمْ|pronoun|common||n
they (f pl)|هَنَّ|pronoun|common||n
we|نَحْنُ|pronoun|common||n
at, expresses possesion|عِندَ||common||n
relative adjective|نِسْبَة||||n
state|وِلايَة|noun|locations||n
states|وِلايات|noun|locations||y
bicycle|دَرّاجَة|noun|transportation||n
bicycles|دَرّاجات|noun|transportation||y
notebook|دَفتَر|noun|common||n
notebooks|دَفاتِر|noun|common||y
car|سَيّارَة|noun|transportation||n
cars|سَيّارات|noun|transportation||y
pen, pencil|قَلَم|noun|common||n
pens, pencils|أقلام|noun|common||y
book|كِتاب|noun|entertainment||n
books|كُتُب|noun|entertainment||y
town, city|مَدينَة|noun|locations||n
towns, cities|مُدُن|noun|locations||y
tape recorder|مُسَجَّلة|noun|technology||n
tape recorders|مُسَجَّلات|noun|technology||y
key|مِفْتاح|noun|common||n
keys|مَفاتيح|noun|common||y
eyeglasses|نَظّارة|noun|clothing||n
eyeglasses (pl)|نَظّارات|noun|clothing||y
telephone|هاتِف|noun|technology|m|n
telephones|هَواتِف|noun|technology|m|y
door|باب|noun|household|m|n
doors|أبْواب|noun|household|m|y
calculator|حاسِبة|noun|technology|f|n
calculators|حاسِبات|noun|technology|f|y
picture|صورة|noun|common|f|n
pictures|صُوَر|noun|common|f|y
table|طاوِلة|noun|household|f|n
tables|طاوِلات|noun|household|f|y
chair|كُرسِيّ|noun|household|m|n
chairs|كَراسٍ|noun|household|m|y
blackboard|لوْح|noun||m|n
blackboards|ألواح|noun||m|y
pencil sharpener|مِبراة|noun||f|n
pencil sharpeners|مَبارٍ/مِبْرَيات|noun||f|y
ruler|مِسْطَرة|noun||f|n
rulers|مَساطِر|noun||f|y
eraser|مِمْحاة|noun||f|n
erasers|مَماحٍ/مِمْحَيات|noun||f|y
window|نافِذة|noun|household|f|n
windows|نَوافِذ|noun|household|f|y
sheet of paper|وَرَقة|noun|common|f|n
sheets of paper|وَرَقات|noun|common|f|y
beside|بِجانِب|prep|common||n
under|تَحْتَ|prep|common||n
over|فَوْقَ|prep|common||n
between|بَيْنَ|prep|common||n
in|في|prep|common||n
to take, to last (a certain time)|اِستغرق|verb|||n
surroundings, environment|بيئة (باء/بوء)|noun|||n
airline|خط|noun|travel||n
airlines|خطوط|noun|travel||y
return|عودة (عاد/عود)|noun|||n
