professor, teacher|أستاذ|أساتذة|noun|occupations|m
too, also|أيضا||adv|common|
on, in, by, with, for|بـ||prep|common|
to learn|تعلم||verb||
university|جامعة|جامعات|noun|education|f
side|جانب||noun||m
wall|جدار|جدران|noun||m
Aleppo|حلب||noun|places|f
mathematics, calculus|رياضيات||noun|subjects|f
of the sun, solar|شمسي||adj||
thing|شيء|أشياء|noun|common|m
class|صف|صفوف|noun|education|m
male student|طالب|طلاب|noun|education|m
female student|طالبة|طالبات|noun|education|f
on|على||prep|common|
room|غرفة|غرف|noun|household|f
you’re welcome/excuse me|عفوا||phrase|common|
of the moon, lunar|قمري||adj||
but (weak version)|لكن||conj|common|
but (strong version)|لكن||conj|common|
if you would; please|لوسمحت||phrase||
not|ليس||particle|common|
store, shop; place, location|محل|محلات|noun|locations|m
with (someone; not thing)|مع||prep|common|
found; existing, present|موجود|موجودون|noun||m
there, there is/are|هناك||pronoun||
and|و||conj||
literature|أدب|آداب|noun|subjects|m
ground, land|أرض|أراض|noun||f
those (pl, dem)|أولائك||pronoun||
house, home|بيت|بيوت|noun|household|m
those (dual, nom)|تانك||pronoun||
trade, business, commerce|تحبارة||noun||f
that (sing, nom)|تلك||pronoun|common|f
those (dual, acc/gen)|تينك||pronoun||
right, law|حق|حقوق|noun||m
that|ذلك||pronoun|common|m
sport|رياضة|رياضات|noun|sports|f
of sports|رياضي||adj|sports|
medicine|طب||noun|medical|m
a number of, several|عدة||noun|common|f
science, discipline|علم|علوم|noun|subjects|m
of science, scientific|علمي||adj|subjects|
college|كلية|كليات|noun|education|f
language|لغة|لغات|noun|subjects|f
of language, linguistic|لغوي||adj|subjects|
laboratory|مختبر|مختبرات|noun|education|m
swimming pool|مسبح|مسابح|noun|locations|f
office|مكتب|مكاتب|noun|locations|m
library; bookstore; bookcase|مكتبة|مكتبات|noun|locations|f
playground, sports field|ملعب|ملاعب|noun|sports|m
these (dual, nom)|هاتان||pronoun||f
these (dual, acc/gen)|هاتين||pronoun||f
these (dual, nom)|هذان||pronoun||m
these (dual, acc/gen)|هذين||pronoun||m
engineering|هندسة||noun|subjects|f
these (pl)|هؤلاء||pronoun||m
a question particle to form yes/no questions|أ||particle||
God|الله||noun|religious|m
a 14th-century Arab historian and sociologist|ابن خلدون||noun|people|
two|اثنان||noun|numbers|m
four|أربعة||noun|numbers|f
sorry (m, f)|آسف، آسفة||noun|common|
or (particle used in questions)|أم||conj||
woman|امرأة|نساء|noun|people|f
now|الآن||noun|common|
English (language)|اﻹنكليزية||adj|subjects|f
or (used with statements)|أو||conj|common|
card|بطاقة|بطاقات|noun||f
small town|بلدة|بلدات|noun|places|f
nine|تسعة||noun|numbers|f
three|ثلاثة||noun|numbers|f
eight|ثمانية||noun|numbers|f
name of a town in Syria|جبلة||noun|places|f
five|خمسة||noun|numbers|f
man|رجل|رجال|noun|people|m
number|رقم|أرقام|noun|numbers|m
plus|زائد||noun||m
to equal|ساوى (يساوي) مساواة||verb||
seven|سبعة||noun|numbers|f
six|ستة||noun|numbers|f
to live, to reside|سكن (يسكن) سكن||verb||
(student) living, residence, dormitory|سكن (الطلاب)||noun|education|m
street|شارع|شوارع|noun|directions|m
to want, will|شاء (يشاء) مشيئة||verb||
apartment|شقة|شقق|noun|household|f
thank you|شكرا||phrase|common|
zero|صفر|أصفار|noun|numbers|m
Arabic (language)|العربية||adj|subjects|f
to know|عرف (يعرق) معرفة||verb||
ten|عشرة||noun|numbers|f
address|عنوان|عناوين|noun|directions|m
French (language)|الفرنسية||adj|subjects|f
word|كلمة|كلمات|noun|common|f
how many/much|كم||particle|common|
what (question particle used in front of nouns)|ما||particle|common|
what (used with verbs)|ماذا||particle|common|
married|متزوج|متزوجون|noun|family|m
meaning|معنى|معان/المعاني|noun||m
minus|ناقص||noun||m
question particle for yes/no questions|هل||particle|common|
identity|هوية|هويات|noun||f
one|واحد||noun|numbers|m
vocative particle used to call the attention of the addressee|يا||particle|common|
Japanese (language)|اليابانية||noun|subjects|f
biology|أحياء||noun|subjects|f
rather, but|بل||particle||
building|بناية|بنايات|noun|locations|f
bag; briefcase|حقيبة|حقائب|noun|clothing|f
closet, cupboard|خزانة|خزائن/خزانات|noun|household|f
to study|درس (يدرس) دراسة/درس||verb||
bed|سرير|أسرة|noun|household|m
small; young|صغيرة||adj|common|f
school subject, course|مادة|مواد|noun|education|f
middle|وسطى||adj|common|f
father|أب|آباء|noun|family|m
elementary|ابتدائي||adj|education|
son|ابن|أبناء|noun|family|m
daughter|ابنة|بنات|noun|family|f
brother|أخ|إخوة|noun|family|m
sister|أخت|أخوات|noun|family|f
mother|أم|أمهات|noun|family|m
English|إنكليزي||noun|subjects|m
first|أول|أوائل|noun|numbers|m
girl|بنت|بنات|noun|people|f
ninth|تاسع||adj|numbers|
differential equations|تفاضل||noun|subjects|m
second|ثان (الثاني)||noun|numbers|m
third|ثالث||adj|numbers|
eighth|ثامن||adj|numbers|
fifth|خامس||adj|numbers|
of school, academic|دراسي||adj|education|
fourth|رابع||adj|numbers|
husband|زوج|أزواج|noun|family|m
wife|زوجة|زوجات|noun|family|f
seventh|سابع||adj|numbers|
sixth|سادس||adj|numbers|
small; young|صغير||adj|common|m
child|طفل|أطفال|noun|people|m
tenth|عاشر||adj|numbers|
nuclear family|عائلة|عائلات|noun|family|f
(academic) term, season|فصل|فصول|noun|education|m
only; no more than|فقط||particle|common|
physics|فيزياء||noun|subjects|f
big|كبير||adj|common|
chemistry|كيمياء||noun|subjects|f
nice|لطيف||adj||
who|من||pronoun|common|
sole, only|وحيد|وحيدون|noun||m
boy|ولد|أولاد|noun|people|m
to be able|استطاع (يستطيع) استطاعة||verb|common|
sorry|آسف/آسفة||noun|common|m/f
most knowledgeable|أعلم||noun||
God knows|الله أعلم||phrase|common|
librarian|أمين/أمينة مكتبة||noun|occupations|m/f
program|برنامج|برامج|noun||m
to speak|تكلم (يتكلم) تكلم||verb|common|
abundant|جزيلا||adj||
good|جيد||adj|common|
well|جيدا||adv|common|
where, when|حيث||adv|common|
pharmacology|صيدلة||noun|subjects|f
knowledgeable|عليم||adj||
group of ten|عقد|عقود|noun|numbers|f
little|قليل||adj|common|
a little|قليلا||adv|common|
to, for, by|لـ||prep||
don’t worry about it|لا شكر على واجب||phrase|common|
boss; director, manager|مدير|مدراء|noun|occupations|m
help, assistance|مساعدة||noun||
agreement|موافقة||noun||
worker; employee|موظف|موظفون|noun|occupations|m
hundred|مئة|مئات|noun|numbers|f
you (m. sg.) are able|يمكنك||verb||
to like|أحب (يحب) جب، محبة||verb|common|
sometimes|أحيانا||adv|common|
to want|أراد (يريد) إرادة||verb|common|
to give|أعطى (يعطي) أعط||verb|common|
giving|إعطاء||noun||
which|أي/أية||noun||m/f
to sell|باع (يبيع) بيع||verb||
if you please|تفضل/تفضلي||verb|common|
usually|عادة||adv|common|
to do|فعل (يفعل) فعل||verb|common|
to read|قرأ (يقرأ) قراءة||verb|common|
nearby, close|قرب||adv|common|
to write|كتب (يكتب) كتابة||verb|common|
magazine|مجلة|مجلات|noun|entertainment|f
please|من فضلك||phrase|common|
to bring|أحضر (يحضر) إحضار||verb||
rice|أرز||noun|food|m
to eat|أكل (يأكل) أكل||verb|common|
orange|برتقال||noun|food|m
egg|بيض||noun|food|m
Come here!|تعال/تعالي||verb|common|m/f
apple|تفاح||noun|food|m
to eat; to take; to reach for something|تناول (يتناول) تناول||verb||
cheese|جبن|أجبان|noun|food|m
to sit|جلس (يجلس) جلوس (اجلس)||verb||
ready, all set|حاضر||adj||
grain, cereal|حب|حبوب|noun|food|m
very well, okay (a response denoting agreement)|حسنا||adv|common|
to prepare|حضر (يحضر) تحضير||verb||
milk|حليب||noun|food|m
bread|خبز||noun|food|m
vegetables, greens|خضراوات||noun|food|f
light|خفيف||adj||
pig, swine|خنزير|خنازير|noun|animals|m
chicken|دجاج||noun|food|m
without|دون||prep||
butter|زبدة||noun|food|f
wild thyme|زعتر||noun|food|m
olive|زيتون||noun|food|m
sugar|سكر||noun|food|m
salad|سلطة|سلطات|noun|food|f
tea|شاي||noun|food|m
to drink|شرب (يشرب) شرب||verb|common|
morning|صباح||noun|times|m
falafel (Egypt)|طعمية||noun|food|f
noon|ظهر||noun|times|m
honey|عسل||noun|food|m
juice|عصير||noun|food|m
breakfast|فطور||noun|food|m
falafel (Syria)|فلفل|فلافل|noun|food|m
cup|فنجان|فناجين|noun|dishes|m
fava beans|فول||noun|food|m
piece|قطعة|قطع|noun||f
coffee|قهوة||noun|food|f
glass|كأس|كؤوس|noun|dishes|f
a great deal|كثيرا||adv||
meat|لحم|لحوم|noun|food|m
What’s your opinion?|ما رأيك||phrase||
water|ماء|مياه|noun|food|m
when|متى||particle|common|
jam, preserve|مربى|مربيات|noun|food|m
boiled|مسلوق||particle||
evening|مساء||noun|times|m
kitchen|مطبخ|مطابخ|noun|household|m
restaurant|مطعم|مطاعم|noun|locations|m
cafeteria|مقصف|مقاصف|noun|locations|m
agree|موافق||adj||
one|أحد|آحاد|noun||m
to wake up|استيقظ (يستيقظ) استيقاظ||verb||
statistics|إحصاء||noun|subjects|m
to end|انتهى (ينتهي) انتهاء (من)||verb||
except, minus|إلا||particle||
thousand|ألف|آلاف|noun|numbers|m
to begin|بدأ (يبدأ) بداية||verb||
after|بعد||prep||
a third|ثلث|أثلاث|noun|numbers|m
conversation|حديث|أحاديث|noun||m
hummus|حمص||noun|food|m
minute|دقيقة|دقائق|noun|times|f
international|دولي||noun||m
quarter|ربع|أرباع|noun|numbers|m
o’clock, hour, watch, clock|ساعة|ساعات|noun|times|f
relation|علاقة|علاقات|noun||f
to mean|عنى (يعني)||verb||
pleased to meet you (lit. "a happy opportunity")|فرصة سعيدة||phrase|common|
kebab|كباب||noun|food|m
united|متحد||adj||m
accounting|محاسبة||noun|subjects|f
time, appointment|موعد|مواعيد|noun|times|m
to fall asleep, to sleep|نام (ينام) نوم||verb||
half|نصف|أنصاف|noun|numbers|m
here|هنا||adv|common|
alone, by himself|وحده||adv||
The United States of America|الولايات المتحدة الأمريكية||noun|places|f
immediate (parents, siblings) and extended family|أسرة|أسر|noun|family|f
Germany|ألمانيا||noun|places|f
German|ألماني||adj|places|
Pakistan|الباكستان||noun|places|f
secondary|ثانوي||adj||
new|جديد|جدد|adj|common|m
beautiful, good-looking|جميل|ون|adj|common|
modern|حديث||adj||
house|دار|دور|noun|household|f
study|دراسة|دراسات|noun|education|f
to go|ذهب (يذهب) ذهاب||verb|common|
driver, chauffeur|سائق|سائقون|noun|occupations|m
market|سوق|أسواق|noun|locations|f
friend|صديق|أصدقاء|noun|people|m
small child, young child|صغير|صغار|noun|people|m
tall|طويل|طوال|noun|descriptive|m
family that one supports|عائلة|عوائل/عائلات|noun|family|f
cord used to hold a headdress in place|عقال|عقل|noun|clothing|m
to work|عمل (يعمل) عمل||verb|common|
a man’s headdress|غترة|غتر/غترات|noun|clothing|f
girl, young woman|فتاة|فتيات|noun|people|f
old, ancient|قديم|قدماء|adj|common|
short|قصير|قصار|noun|descriptive|m
powerful, strong|قوي|أقوياء|adj||
big, large; old (in age)|كبير|كبار|noun|descriptive|
headdress|كوفية|كوفيات|noun|clothing|f
to wear|لبس (يلبس) لبس||verb||
particle used negate past-tense verbs|ما||particle||
engine, motor|محرك|محركات|noun|transportation|f
handsome|وسيم|ون|adj||m
India|الهند||noun|places|f
Japan|اليابان||noun|places|f
August|آب||noun|months|m
to come|أتى (يأتي) إتيان (إلى)||verb||
Monday|الإثنين||noun|days|m
Sunday|الأحد||noun|days|m
March|آذار||noun|months|m
Wednesday|الأربعاء||noun|days|m
week|أسبوع|أسابيع|noun|times|m
to buy|اشترى (يشتري) شراء||verb||
certainly, surely|أكيد||adv||
yesterday|أمس||adv||
that (after verbs similar to “think”)|أن||particle||
that (after the verb for “say”)|إن||particle||
God willing, hopefully|إن شاء الله||phrase|common|
May|أيار||noun|months|m
September|أيلول||noun|months|m
some|بعض||noun||
October|تشرين الأول||noun|months|m
November|تشرين الثاني||noun|months|m
to be acquainted with|تعرف (بتعرف) تعرف|على|verb||
calendar|تقويم|تقاويم|noun||m
July|تموز||noun|months|m
Tuesday|الثلاثاء||noun|days|m
to come|جاء (يجيء) مجيء||verb|common|
sitting|جاوس||noun||
Islamic month (jumAdi al-Aghira)|جمادى الآخرة||noun|months|f
Islamic month (jumAdi al-‘Ula)|جمادى الأولى||noun|months|f
Friday|الجمعة||noun|days|m
till, until|حتى||particle||
June|حزيران||noun|months|m
when|حين||adv||
Thursday|الخميس||noun|days|m
lesson|درس|دروس|noun|education|m
Islamic month (thu al-Hijja)|ذو الحجة||noun|months|m
Islamic month (thu al-qi’da)|ذو القعدة||noun|months|m
wonderful, awesome|رائع||adj||
Islamic month (rabi al-Aghira)|ربيع الآخر||noun|months|m
Islamic month (rabi al-‘Awwal)|ربيع الأول||noun|months|m
Islamic month (rajab)|رجب||noun|months|m
Islamic month (ramaDAn)|رمضان||noun|months|m
to visit|زار (يزور) زيارة||verb||
shall, will (future particle)|سـ||particle||
Saturday|السبت||noun|days|m
year|سنة|سنوات/سنون|noun|times|f
shall, will (future particle)|سوف||particle||
February|شباط||noun|months|m
bed sheet|شرشف|شراشف|noun|household|m
Islamic month (sha’bAn)|شعبان||noun|months|m
month|شهر|أشهر/شهور|noun|times|m
Islamic month (shawwAl)|شوال||noun|months|m
Islamic month (Safar)|صفر||noun|months|m
guest|ضيف|ضيوف|noun|people|m
airplane|طائرة|طائرات|noun|transportation|f
to think, to believe|ظن (يظن)||verb||
tomorrow|غدا||adv|common|
hotel|فندق|فنادق|noun|locations|m
to meet|قابل (يقابل) مقابلة||verb||
to say|قال (يقول) قول||verb||
before|قبل||adv|common|
close, near|قريب||adv|common|
shirt|قميص|قمصان|noun|clothing|m
to be (was, were)|كان (يكون) كون||verb|common|
December|كانون الأول||noun|months|m
January|كانون الثاني||noun|months|m
objection|مانع||noun||
enthusiastic|متحمس||adj||
Islamic month (muHarram)|محرم||noun|months|m
to walk|مشى (يمشي) مشي||verb|common|
airport|مطار|مطارات|noun|transportation|m
to sleep|نام (ينام) نوم||verb||
to stay (in a place)|نزل (ينزل) نزول||verb||
sleeping|نوم||noun||
April|نيسان||noun|months|m
pillow|وسادة|وسائد|noun|household|f
to arrive, to reach a destination|وصل (يصل) وصول||verb||
day|يوم|أيام|noun|times|m
today|اليوم||adv|common|
diary, daily journal|يومية|يوميات|noun||
green|أخضر|خضر|adj|colors|m
cold|بارد||adj||m
sea|بحر|بحار|noun|geography|m
lake|بحيرة|بحيرات|noun|geography|f
snow|ثلج|ثلوج|noun||m
hot|حار||adj|common|m
heat|حرارة||noun||f
autumn|خريف||noun|times|m
green|خضراء|خضر|adj|colors|f
warm|دافئ||adj|common|m
class, step, level, degree (temperature)|درجة|درجات|noun||f
spring|ربيع||noun|times|m
wind|ريح|رياح|noun||f
flower|زهرة|زهرات/أزهار|noun|plants|f
brilliant, shining|ساطع||adj||m
to swim|سبح (يسبح) سباحة||verb||
to fall|سقط (يسقط) سقوط||verb||
sky|سماء|سماوات|noun|nature|f
beach|شاطئ|شواطئ|noun|nature|m
winter|شتاء||noun|times|m
tree|شجرة|شجرات|noun|plants|f
sun|شمس|شموس|noun|nature|f
pure; clear, not cloudy|صاف، صافية||adj||m/f
clear, fine (of weather)|صحو||adj||m
way, road|طريق|طرق، طرقات|noun|directions|f
weather|طقس|طقوس|noun||m
worker, laborer|عامل|عمال|noun|occupations|m
Labor Day|عيد العمال||noun|holidays|
cloudy, overcast|غائم||adj||m
rain cloud|غيمة|غيوم|noun|nature|f
every, all, the whole|كل||noun|common|
color|لون|ألوان|noun|colors|m
night|ليل||noun|times|m
rainy|ماطر||adj||m
rain|مطر|أمطار|noun|nature|m
moderate|معتدل||adj||
most|معظم||noun||
daytime|نهار||noun|times|m
to bathe, to take a bath or shower|استحم (يستحم) استحمام||verb||
to move, to relocate|انتقل (ينتقل) انتقال||verb||
in need of|بحاجة (إلى)||phrase||
tabouleh salad|تبولة||noun|food|f
then, and again|ثم||conj||
to prepare|جهز (يجهز) تجهيز||verb||
bus, tram|حافلة|حافلات|noun|transportation|f
to prepare, to make|حضر (يحضر) تحضير||verb||
to shave|حلق (يحلق) حلق||verb||
bathroom|حمام|حمامات|noun|household|f
news story|خبر|أخبار|noun||m
vegetables|خضرة|خضر|noun|food|f
chin (or beard, when shaving)|ذقن|ذقون|noun|body|f
to organize|رتب (يرتب) ترتيب||verb||
to return, to go back|رجع (يرجع) رجوع||verb||
letter, message|رسالة|رسائل|noun||f
tooth|سن|أسنان|noun|body|f
to witness, to see, to watch|شاهد (يشاهد) مشاهدة||verb||
soap|صابون||noun||m
plate|صحن|صحون|noun|dishes|m
to return|عاد (يعود) عودة||verb||
world|عالم|عوالم|noun||m
break; vacation|عطلة|عطلات/عطل|noun||f
dinner|عشاء|أعشية|noun|food|m
lunch|غداء|أغدية|noun|food|m
to wash|غسل (يغسل) غسل||verb||
to change something|غير (يغير) تغيير||verb||
brush|فرشاة|فراش|noun||f
to spend time|قضى (يقضي) قضاء||verb||
writing|كتابة||noun|subjects|
much, a great deal|كثير|كثيرون/كثار|noun|common|m
because|ﻷن||particle||
yogurt|لبن||noun|food|m
why|لماذا||particle||
one coming early|مبكر|مبكرون|noun||m
one coming late|متأخر|متأخرهن|noun||m
stewed|مدمس||adj||
once, one occurrence|مرة|مرات|noun|common|f
show, (television) series, serial|مسلسل|مسلسلات|noun|entertainment|m
watching|مشاهدة||noun||
busy|مشغول|مشغولون|noun||m
together|معا||adv||
paste|معجون|معاجين|noun||m
fried|مقلي||adj|food|
to forget|نسي (ينسى) نسيان||verb||
to clean|نظف (ينظف) تنظيف||verb||
to get up|نهض (ينهض) نهوض||verb||
by God, I swear, really (used to add emphasis)|والله||phrase||
face|وجه|وجوه|noun|body|m
hand|يد|أيد|noun|body|f
extended family|أسرة|أسر|noun|family|f
to wait|انتظر (ينتظر) انتظار||verb||
onion|بصل||noun|food|m
neighborhood, borough; a living person|حي|أحياء|noun||m
to do (Syrian colloquial)|سلوى (يساوي)||verb||
what (Syrian colloquial)|شو||particle||
journalism|صحافة||noun|subjects|f
colloquial|عامية||adj||
lentils|عدس||noun|food|m
break, vacation|عطلة|عطل/عطلات|noun||f
weekend|عطلة نهاية اﻷسبوع||noun|times|f
mayor|عمدة|عمد|noun|titles|m
celebration, festivity, feast day, holiday|عيد|أعياد|noun|times|m
Labor Day|عيد العمال||noun|holidays|
Classical Arabic (lit., "most eloquent")|فصحى||noun|languages|
to prefer|فضل (يفضل) تفضيل||verb||
train|قطار|قطارات|noun|transportation|m
arch|قوس|أقواس|noun||m
lightly salted, partially dehydrated yogurt with olive oil|لبنة||noun|food|f
for this reason, therefore|لذلك||adv||
station|محطة|محطات|noun|locations|f
crowded|مزدحم||adj||
famous, well-known|مشهور|(ون), مشاهير|adj||
pasta, macaroni|معكرونة||noun|food|f
place of entertainment|ملهى|ملاه|noun|entertainment|m
engineer|مهندس|مهندسون|noun|occupations|m
clean|نظيف||adj||m
end|نهاية|نهايات|noun|common|f
to celebrate|احتفل (يحتفل) احتفال بـ||verb||
independence|استقلال||noun|abstract|m
Islam|إسلام||noun|Islam|m
country|بلد|بلاد|noun|places|m
to graduate|تخرج (يتخرج) تخرج||verb||
education, upbringing|تربية||noun|education|f
instruction, education|تعليم||noun|education|m
revolution|ثورة|ثورات|noun||f
pilgrimage|حج||noun|Islam|m
dessert, sweets|حلوى|حلويات|noun|food|f
special, particular (to)|خاص||adj||
rooster|ديك|ديكة|noun|animals|m
turkey|ديك حبش||noun|food|m
with, of, owner of|ذو|ذوو|noun||m
head|رأس|رؤوس|noun|body|m
to adorn, to decorate|زين (يزين) تزيين||verb||
square, courtyard|ساحة|ساحات|noun|locations|f
to save, to protect|سلم (يسلم) تسليم||verb||
age of a person|سن||noun|common|m
to become|صار (يصير) صير، صيرورة، مصير||verb||
to fast|صام (يصوم) صوم||verb||
to pray, to bless|صلى (يصلي)||verb||
to manufacture, to make|صنع (يصنع) صناعة||verb||
food|طعلم|أطعمة|noun|food|m
phrase|عبارة|عبارات|noun|grammar|f
to be off from work|عطل (يعطل) تعطيل||verb||
Feast of Immolation/sacrifice|عيد اﻷضحى||noun|holidays|m
Thanksgiving|عيد الشكر||noun|holidays|m
Easter|عيد الفصح||noun|holidays|m
feast of breaking the Ramadan fast|عيد الفطر||noun|holidays|m
Christmas|عيد الميلاد||noun|holidays|m
dawn, daybreak|فجر||noun|times|m
pie|فطيرة|فطائر|noun|food|f
pumpkin|قرع||noun|food|m
blessed|مبارك||noun||m
intermediate|متوسط||adj|common|m
Muslim|مسلم|مسلمون|noun|Islam|m
Christ|المسيح||noun|religious|m
teacher|معلم|معلمون|noun|occupations|m
information|معلومة|معلومات|noun||f
sunset|مغرب||noun|times|m
occasion|مناسبة|مناسبات|noun||f
region|منطقة|مناطق|noun|places|f
birthday, birthplace|مولد||noun||m
birth, birthday|ميلاد|مواليد|noun||m
prophet|نبي|أنبياء|noun|religious|m
to congratulate, to felicitate|هنأ (يهنئ) تهنئة||verb||
to be born (passive)|ولد (يولد) وﻻدة/مولد||verb||
social gathering|اجتماع|اجتماعات|noun||m
to use, to utilize, to employ|استخدم (يستخدم) استخدام||verb||
to become a martyr|استشهد (يستشهد) استشهاد||verb||
to establish, to found|أسس (يؤسس) تأسيس||verb||
black|أسود|سود|noun|colors|m
to be assassinated|اغتيل (يغتال) اغتيال||verb||
prince|أمير|أمراء|noun|titles|m
to elect|انتخب (ينتخب) انتخاب||verb||
Andalusia, Muslim Spain|اﻷندلس||noun|places|f
history|تاريخ|تواريخ|noun|subjects|m
discrimination|تمييز||noun||m
to pass away|توفي (يتوفى) وفاة||verb||
mosque|جامع|جوامع|noun|Islam|m
prize, award|جائزة|جوائز|noun||m
algebra|جبر||noun|subjects|m
to be wounded, to be hurt|جرح (يجرح) جرح||verb||
republic|جمهورية|جمهوريات|noun||f
army|جيش|جيوش|noun||m
to fight|حارب (يحارب) حرب/محاربة||verb||
war|حرب|حروب|noun||f
account|حساب|حسابات|noun||m
to acquire, to obtain, to get|حصل (يحصل) حصول||verb||
to tell a story; to talk|حكى (يحكي) حكاية||verb||
to go out; to exit|خرج (يخرج) خروج||verb||
orator, preacher, speaker|خطيب|خطباء|noun|occupations|m
to enter|دخل (يدخل) دخول||verb||
to pay|دفع (يدفع) دفع||verb||
defense|دفاع|دفاعات|noun||m
to reject|رفض (يرفض/يرفض) رفض||verb||
leader, president|رئيس|رؤساء|noun|occupations|m
leader (popular)|زعيم|زعماء|noun|occupations|m
young man|شاب|شباب|noun|people|m
poet|شاعر|شعراء|noun|occupations|m
personality, character|شخصية|شخصيات|noun|abstract|f
ranking officer|ضابط|ضباط|noun||m
to request, to order (e.g. in a restaurant)|طلب (يطلب) طلب||verb||
Toulon (a town in southern France)|طولون||noun|places|f
scholar, scientist|عالم|علماء|noun|occupations|m
sociologist|عالم اجتماع||noun|occupations|m
sociology|علم اجتماع||noun|subjects|m
to introduce someone to someone else|عرف (يعرف) تعريف (على)||verb||
race, element|عنصر|عناصر|noun||m
racial|عنصري||adj||
philosophy|فلسفة|فلسفات|noun|subjects|f
philosopher|فيلسوف|فلاسفة|noun|occupations|m
to do, to perform|قام (يقوم) قيام||verb||
law|قانون|قوانين|noun|subjects|m
leader (military)|قائد|قادة|noun|occupations|m
village|قرية|قرى|noun|places|f
priest|قسيس|قساوسة|noun|religious|m
writer, scribe|كاتب|كتاب/كتبة|noun|occupations|m
for the sake of (Syrian colloquial)|كرمال||phrase||
generous|كريم|كرماء|adj||
necessary|ﻻزم||adj|common|
lawyer, attorney, counsel|محام|محامون|noun|occupations|m
mixed|مشكل||adj||
introduction|مقدمة||noun||f
place, location|مكان|أمكنة|noun||m
king|ملك|ملوك|noun|occupations|m
good (Syrian colloquial)|منيح|امناح|adj|common|
historian|مؤرخ|مؤرخون|noun|occupations|m
to be sent into exile, to be expelled|نفي (ينفى) نفي||verb||
now (Syrian colloquial)|هللأ/هلق||adv|common|
minister|وزير|وزراء|noun|occupations|m
foreigner|أجنبي|أجانب|noun||m
foreign|أجنبي/أجنبية||adj||
to take|أخذ (يأخذ) أخذ||verb||
to send|أرسل (يرسل) إرسال||verb||
to receive (someone)|استقبل (يستقبل) استقبال||verb||
to believe|اعتقد (يعتقد) اعتقاد||verb||
inflammation, infection|التهاب|التهابات|noun|medical|m
pain|ألم|آلآم|noun||m
to hurt|آلم (يؤلم)||verb||
as for, but, yet, however|أما||particle||
to finish, to come to an end|انتهى (ينتهي) انتهاء||verb||
to begin|بدأ (يبدأ) بدء||verb||
beginning|بداية|بدايات|noun||f
only (Syrian colloquial)|بس||adv||
gate|بوابة|بوابات|noun||f
sitting|جالس|جالسون|noun||m
pill|حبة|حبات|noun|medical|m
government|حكومة|حكومات|noun||f
to carry|حمل (يحمل) حمل||verb||
to see|رأى (يرى) رؤية||verb||
housewife|ربة بيت|ربات بيوت|noun|occupations|f
future marker (=will in Syrian colloquial)|رح||particle||
colleague, coworker|زميل|زملاء|noun|people|m
mail carrier|ساع|سعاة (ساعي بريد)|noun|occupations|m
to help, to assist|ساعد (يساعد) مساعدة||verb||
safe, secure; healthy|سالم|سالمون|noun||m
reason, cause|سبب|أسباب|noun||m
Syria, Damascus, Greater Syria|الشام||noun|places|f
drink, beverage, sherbert|شراب|أشربة، شرابات|noun|food|m
opposite, anti-, adversary, opponent|ضد|أضداد|noun||m
molar tooth|ضرس|أضراس، ضروس|noun|body|m
physician, doctor|طبيب|أطباء|noun|occupations|m
good|طيب|طيبون|noun|descriptive|m
year|عام|أعوام|noun|times|m
crowded (Syrian colloquial)|عجقة||noun||f
to know|علم (يعلم) علم||verb||
sunset|غروب||noun|times|m
rich, wealthy|غني|أغنياء|noun|descriptive|m
and, then, so|فـ||particle||
benefit, use, advantage|فائدة|فوائد|noun||f
poor|فقير|فقراء|noun|descriptive|m
to worry|قلق (يقلق) قلق||verb||
as|كمل||particle||
electricity|كهرباء||noun||f
not (particle used to negate past-tense verbs)|لم||particle||
(a) night|ليلة|ليال|noun|times|f
except|ما عدا||particle||
previous, last, past|ماض (الماضي)||adj|common|
school|مدرسة|مدارس|noun|education|f
greeting|معايدة|معايدات|noun||f
written|مكتوب||noun||m
scholarship, grant, gift|منحة|منح|noun|education|f
kind, sort|نوع|أنواع|noun||m
to find|وجد (يجد) وجود||verb||
furniture|أثاث||noun|household|m
to meet; to gather|اجتمع (يجتمع) اجتماع||verb||
to lease, to let|أجر (يؤجر) تأجير||verb||
rent, wage, fare|أجرة|أجور|noun||f
other|آخر|آخرون|noun|common|m
couch|أريكة|أرائك|noun|household|f
to rent, to hire|استأجر (يستأجر) استئجار||verb||
to please|أعجب (يعجب) إعجاب||verb||
advertisement|إعلان|إعلانات|noun||m
in front of|أمام||prep|common|
to (infinitive)|أن||particle||
Europe|أوروبا||noun|places|f
rent|إيجار|إيجارات|noun||m
refrigerator (Syria)|براد|برادات|noun|household|m
far|بعيد||adv||
grocer|بقال|بقالون|noun|occupations|m
local, popular|بلدي||adj||
bank (colloquial)|بنك|بنوك|noun|locations|m
to be late|تأخر (يتأخر) تأخر||verb||
insurance|تأمين|تأمينات|noun||m
telephone (colloquial)|تليفون|تليفونات|noun|household|m
refrigerator (Egypt)|ثلاجة|ثلاجات|noun|household|f
part|جزء|أجزاء|noun||m
dishwasher|جلاية|جلايات|noun|household|f
[Egyptian] pound|جنيه|جنيهات|noun||m
park, garden|حديقة|حدائق|noun|locations|f
[bath] tub|حوض|أحواض|noun|household|m
servant|خادم|خدم|noun|occupations|m
baker|خباز|خبازون|noun|occupations|m
wood, lumber, timber|خشب|أخشاب|noun||m
greengrocer|خضري|خضريون|noun|occupations|m
behind|خلف||prep|common|
shop, store|دكان|دكاكين|noun|locations|f
dinar (Algeria, Bahrain, Iraq, Kuwait)|دينار|دنانير|noun||m
water heater|سخان للماء||noun||
truck|شاحنة|شاحنات|noun|transportation|f
company|شركة|شركات|noun||f
health|صحة||noun||
floor, storey, flat|طابق|طوابق|noun||m
in general, generally|على العموم||adv||
to hang|علق (يعلق) تعليق||verb||
doctor's practice, clinic|عيادة|عيادات|noun|locations|f
bread (Egypt)|عيش||noun|food|m
[butane] gas|غاز|غازات|noun||m
washing machine|غسالة|غسالات|noun|household|f
deluxe, fancy, excellent, luxurious|فاخر||adj||
[Syrian] pound; lira|ليرة|ليرات|noun||f
meter|م (متر)|أمتار|noun||m
kitchen sink|مجلى|مجال|noun|household|m
bakery|مخبز|مخابز|noun|locations|m
[floor] plan, map|مخطط|مخططات|noun||m
mirror|مرآة|مرايا|noun|household|f
toilet|مرحاض|مراحيض|noun|household|m
elevated|مرتفع||adj||
comfortable|مريح||adj||
lamp|مصباح|مصابيح|noun|household|m
bank|مصرف|مصارف|noun|locations|m
overlooking|مطل||noun||
washbasin, bathroom sink|مغسلة|مغاسل|noun|household|f
opposite, across from|مقابل||adv||
clothes|ملبس|ملابس|noun|clothing|m
[cooking] range|موقد|مواقد|noun|household|m
[bus] stop, parking lot|موقف|مواقف|noun|transportation|m
spacious, large|واسع||adj||
there is/are, to exist|وجد (يوجد)||verb||
to put|وضع (يضع) وضع||verb||
to be located; fall down|وقع (يقع) وقوع/وقع||verb||
left|يسار||noun|directions|m
right|يمين||noun|directions|m
to return|آب (يؤوب) إياب||verb||
white|أبيض|بيض|noun|colors|m
ruin, antiquity, artifact, relic|أثر|آثار|noun||m
to respond, to answer|أجاب (يجيب) إجابة||verb||
then, therefore|إذا||adv||
to be able, can|استطاع (يستطيع) استطاعة||verb||
to enjoy|استمتع (يستمتع) استمتاع||verb||
until|إلى أن||conj||
apparatus, device, gadget, machine|آلة|آلات|noun||f
to meet, converge, encounter|التقى (يلتقي) التقاء||verb||
to take, make (a picture)|التقط (يلتقط) التقاط||verb||
who, that|التي||noun||f
who, that|الذي||noun||m
to examine, to test|امتحن (يمتحن) امتحان||verb||
early|باكرا||adv||
mail, post|بريد||noun||m
to remain, to stay|بقي (يبقى) بقاء||verb||
to build, to construct|بنى (يبني) بناء||verb||
to wander about, to tour|تجول (يتجول) تجول||verb||
ticket|تذكرة|تذاكر|noun||f
statue|تمثال|تماثيل|noun||m
camel|جمل|جمال|noun|animals|m
liberty, freedom|حرية|حريات|noun|abstract|f
animal|حيوان|حيوانات|noun|animals|m
always|دائما||adv||
to smoke (e.g. a cigarette)|دخن (يدخن) تدخين||verb||
to go (Syrian colloquial)|راح (يروح) على||verb||
to hope|رجا (يرجو)رجاء||verb||
to ride, to mount|ركب (يركب) ركوب||verb||
unsweetened coffee|سادة||noun|food|
to move, to walk, to travel, to march, to follow|سار (يسير) سير||verb||
happy, pleased, joyful|سعيد|سعداء|adj||m
question, query|سؤال|أسئلة|noun||m
waterfall|شلال|شلالات|noun||m
north|شمال||noun|directions|m
thing, object|شيء|أشياء|noun|common|m
bon appétit (Syrian colloquial)|صحة و هنا||phrase||
industry|صناعة|صناعات|noun||f
to make a picture, to portray, to illustrate|سور (يصور) تصوير||verb||
number (quantity)|عدد|أعداد|noun||m
show, demonstration, performance|عرض|عروض|noun|entertainment|m
dear, esteemed, beloved|عزيز|أعزاء|noun|descriptive|m
great, important, imposing|عظيم|عظماء|noun|descriptive|m
expensive, dear|غال||noun|descriptive|m
often, mostly, generally|غالبا||adv||
west|غرب||noun|directions|m
pharoah|فرعون|فراعنة|noun|titles|m
band, company, troupe|فرقة|فرق، أفرقة|noun||f
boat|قارب|قوارب|noun|transportation|m
to gamble|قامر (يقامر) مقامر، قمار||verb||
to serve, to provide|قدم (يقدم) تقديم||verb||
also, as well|كذلك||adv||
kilometer|كيلومتر|كيلومترات|noun|measurements|m
at (expressing possession)|لدى||prep||
game, play, ride|لعبة|لعبات، ألعاب|noun|entertainment|f
building, construction|مبنى|مبان|noun||m
museum|متحف|متاحف|noun|locations|m
loving|محب|محبون|noun|descriptive|
sincere, faithful, (sincerely yours)|مخلص|مخلصون|noun|descriptive|m
period, duration|مدة|مدد|noun|times|f
to pass, to go by|مر (يمر) مرور||verb||
mosque|مسجد|مساجد|noun|Islam|m
theater, stage|مسرح|مسارح|noun|entertainment|m
one who is longing, yearning|مشتاق|مشتاقون|noun||
elevator, lift|مصعد|مصاعد|noun||m
though, although|مع أن||conj||
coming, next, following|مقبل|مقبلون|noun|common|m
million|مليون||noun|numbers|m
since, for|مند||prep||
square, field, arena|ميدان|ميادين|noun|locations|m
port|ميناء|موانئ|noun|locations|m
person (used in population counts)|نسمة|نسمات|noun|people|f
important, significant|هام|هامون|noun|descriptive|
pyramid|هرم|أهرام/أهرامات|noun||m
father, parent|والد|والدون|noun|family|m
never, not at all|أبدا||adv||
to hold, to contain|اتسع (يتسع) اتساع||verb||
to contact|اتصل (يتصل) اتصال (بـ)||verb||
to agree (with someone)|اتفق (يتفق) اتفاق (مع)||verb||
pear|إجاص||noun|food|m
red|أحمر|حمر|adj|colors|
to notify, to inform|أخبر (يخبر) إخبار||verb||
blue|أزرق|زرق|adj|colors|
to use, to utilize, to employ|استخدم (يستخدم) استخدام||verb||
yellow|أصفر|صفر|adj|colors|
eggplant|باذنجان||noun|food|m
green peas|بازلاء||noun|food|f
ochra|بامية||noun|food|f
slowly|ببطء||adv||
seed, kernel|بذرة|بذور|noun|plants|f
watermelon|بطيخ||noun|food|m
cow, cattle|بقرة|أبقار/بقر|noun|animals|f
tomato|بندورة (طماطم في مصر)||noun|food|f
white|بيضاء|بيض|adj|colors|f
spice, condiment, seasoning|تابل|توابل|noun|food|m
approximately, about, nearly, roughly|تقريبا||adv||
berry|توت||noun|food|m
garlic|ثوم||noun|food|m
to run, to flow, to hurry, to rush, to happen, to occur|جرى (يجري) جري||verb||
horse|حصان|أحصبة|noun|animals|m
lettuce|خس||noun|food|m
especially, particularly|جصوصا||adv||
party|حفلة|حفلات|noun|entertainment|f
corn|ذرة||noun|food|f
perhaps, probably|ربما||adv||
basket|سلة|سلال|noun||f
a kind of toasted thin bread|سميط||noun|food|m
to explain, to explain, to illustrate|شرح (يشرح) شرح||verb||
sandwich|شطيرة|شطائر|noun|food|f
to grill, to boil|شوى (يشوي) شي||verb||
to laugh|ضحك (يضحك) ضحك||verb||
public|عام||adj||
stick, rod, cane|عصا|عصي|noun||f
it seems; it appears|على ما يبدو (أن)||phrase||
grape|عنب||noun|food|m
non-, un-, other than, different from|غير||noun||m
to win|فاز (يفوز) فوز||verb||
green beans|فاصولية||noun|food|f
team, company, band, troupe|فريق|فرق|noun||f
to think, to reflect, to ponder (not to believe)|فكر (يفكر) تفكير||verb||
green (bell) pepper|فليفلة||noun|food|f
to understand, to comprehend, to realize|فهم (يفهم) فهم||verb||
peanuts|فول (سوداني)||noun|food|m
rule, principle, basis, foundation, base|قاعدة|قواعد|noun||f
cauliflower|قرنبيط||noun|food|m
like, as|كـ||prep||
sufficient|كاف (الكافي)||adj||
ball, sphere|كرة|كرات|noun|sports|f
basketball|كرة السلة||noun|sports|
table tennis|كرة الطاولة||noun|sports|
volleyball|الكرة الطائرة||noun|sports|
football/soccer|كرة القدم||noun|sports|
water polo|كرة الماء||noun|sports|
tennis|كرة المضرب||noun|sports|
zucchini|كوسا||noun|food|m
kernel, seed|لب|لبوب|noun|plants|m
delicious, delightful, tasty|لذيذ||adj||m
to play|لعب (يلعب) لعب||verb||
no longer|لم يعد||phrase||
soda|ماء غازي|مياه غازية|noun|food|f
match, game|مباراة|مباريات|noun|sports|f
spectator|متفرج|ون|noun|sports|m
roasted, toasted|محمص||adj|food|m
grill, gridiron|مشواة|مشاو|noun||f
grilled|مشوي||adj|food|
preferred, favorite|مفضل||adj||m
banana|موز||noun|food|m
small, spicy mutton sausage|نقانق (أو مقانق)||noun|food|
time|وقت|أوقات|noun||m
during|أثناء||prep||
Asia|آسيا||noun|places|f
to overlook|أطل (يطل) إطلال||verb||
Atlantic|أطلسي||adj|places|
to discharge a firearm, to shoot; to dispatch|أطلق (يطلق) إطلاق||verb||
to consider|اعتبر (يعتبر) اعتبار||verb||
top, highest point, upper|أعلى|أعال|noun|common|m
Africa|إفريقية||noun|places|f
region|إقليم|أقاليم|noun|places|m
to produce|أنتج (ينتج) إنتاج||verb||
to be interrupted, to be severed|انقطع (ينقطع) انقطاع||verb||
Iran|إيران||noun|places|
semi-arid desert|بادية|بواد|noun|geography|f
merchandise, goods|بضاعة|بضائع|noun||f
ice cream|بوظة||noun|food|f
to consist of, to comprise|تألف (يتألف) تألف||verb||
traditional|تقليدي||adj||
date (fruit)|تمر|تمور|noun|food|m
hole|ثقب|ثقوب|noun||m
mountain|جبل|جباب|noun|geography|m
to test, to try (not to attempt)|جرب (يجرب) تجربة||verb||
island|جزيرة|جزر|noun|geography|f
geography|جغرافية||noun|subjects|m
south|جنوب||noun|directions|m
device, apparatus, appliance|جهاز|أجهزة|noun||m
to border, to demarcate, to limit|حد (يحد) حد||verb||
border, edge, boundary, borderline|حد|حدود|noun||m
shoe|حذاء|أحذية|noun|clothing|m
map|خريطة|خرائط|noun|directions|f
fertile|خصيب||adj||
gulf, bay|خليج|خلجان|noun|geography|m
passenger, rider|راكب|ركاب|noun|transportation|m
trip, journey, flight|رحلة|رحلات|noun|transportation|f
bullets; lead|رصاص||noun||m
to irrigate, to water|روى (يروي) ري||verb||
to plant, to cultivate|زرع (يزرع) زرع، زراعة||verb||
coast, shore|ساحل|سواحل|noun|geography|m
ceiling|سقف|سقوف|noun|household|m
range, series, chain|سلسلة|سلاسل|noun|geography|f
plain|سهل|سهول|noun|geography|m
semi-, quasi, similarity|شبه|أشباه|noun||m
emblem, sign, slogan|شعار|شعارات، أشعرة|noun||m
to form, to constitute|شكل (يشكل) تشكيل||verb||
to flow into|صب (يصب) صب||verb||
desert|صحراء|صحاري|noun|geography|f
characteristic|صفة|صفات|noun||f
narrow, tight|ضيق||adj||
capital city|عاصمة|عواصم|noun|places|f
high, elevated|عال (العالي)||adj||
several, multiple|عديد||adj|common|
throughout, all the way|على طول||prep||
flag, banner|علم|أعلام|noun||m
pistachio|فستق||noun|food|m
continent|قارة|قارات|noun|geography|f
country|قطر|أقطار|noun|places|m
cotton|قطن||noun|plants|m
wheat|قمح||noun|food|m
both|كلا||noun|common|
ocean|محيط|محيطات|noun|geography|m
square|مربع||adj||
area|مساحة|مساحات|noun||f
made (of/from)|مصنوع (من)||participle||
covered (with)|مغطى (بـ)||participle||
Mexico|المكسيك||noun|places|f
product|منتج|منتجات|noun||m
outlet|منفذ|منافذ|noun|household|m
to spring, to originate, to flow|نبع (ينبع) نبع||verb||
section, manner, mode, fashion|نحو|أنحاء|noun||m
textile, tissue, fabric|نسيج||noun||m
petroleum, crude oil|نفط||noun||m
Pacific|الهادي||adj|places|
middle, central|وسط|أوساط|noun|common|m
for the sake of, because of|أجل (من أجل)||conj||
broadcasting station|إذاعة|ات|noun|entertainment|f
to listen|استمع (يستمع) استماع||verb||
to enroll in, to subscribe to|اشترك (يشترك)اشتراك||verb||
song|أغبية|أغان|noun|entertainment|f
to be possible|أمكن (يمكن) إمكان||verb||
to broadcast|بث (يبث) بث||verb||
a few|بضع||noun||
to guess|حزر (يحزر) حزر||verb||
to improve, to make better|حسن (يحسن) تحسين||verb||
during, through|خلال||prep||
to dance|رقص (يرقص) رقص||verb||
wire|سلك|أسلاك|noun||m
to hear|سمع (يسمع) سمع||verb||
tape|شريط|أشرطة|noun||m
person|شخص|أشخاص|noun|people|m
honestly, candidly|صراحة (بصراحة)||noun||f
of course|طبعا||adv||
nature|طبيعة||noun||f
to appear, to become visible|ظهر (يظهر) ظهور||verb||
to go back, to return|عاد (يعود) عود||verb||
colloquial, vulgar, dialectal|عامي||adj||
to sing|غنى (يغني) غناء||verb||
riddle|فزورة|فوازير|noun||f
pure, good, clear, standard, or literary, Arabic|فصيح||adj||
space|فضاء||noun||m
moon, satellite|قمر|أقمار|noun||m
channel|قناة|قنوات|noun|entertainment|f
cable|كيبل||noun||m
to die|مات (يموت) موت||verb||
married man|متزوج|ون|noun|people|m
free of charge|مجاني||adj||
announcer|مذيع|ون|noun|occupations|m
entertainer|مطرب|مطربون|noun|occupations|m
singer|مغن|ون|noun|occupations|m
interview|مقابلة|ات|noun||f
excellent|ممتاز|ون|adj|common|
actor, representative|ممثل|ون|noun|occupations|m
by means of, via|من خلال||prep||
wave|موجة|ات|noun||f
bulletin, report|نشرة|نشرات|noun||f
system|نظام|أنظمة|noun||f
to differ (from)|اختلف (يختلف) اختلاف (عن)||verb||
to rise, to be higher|ارتفع (يرتفع) ارتفاع||verb||
to host|استضاف (يستضيف) استضافة||verb||
to long (for), to yearn|اشتاق (يشتاق) اشتياق (لـ/ألى)||verb||
to insist|أصر (يصر) إصرار||verb||
to draw near, get close (to)|اقترب (يقترب) اقتراب (من)||verb||
if|إن||particle||
immensely, greatly|أيما||noun||
simple|بسيط|بسطاء|adj||
visa|تأشيرة دخول||noun||f
to push, shove one another|تدافع (يتدافع) تدافع||verb||
to be acquainted with|تعرف (يتعرف) تعرف (على)||verb||
to be accustomed to|تعود (يتعود) تعود (على)||verb||
to stroll; to have a good time; to go on a picnic|تنزه (يتنزه) تنزه||verb||
passport|جواز (سفر)||noun||m
to attend, to be present|حضر (يحضر) حضور||verb||
outside|خارج||noun||
to diminish the difficulty of|خفف (يخفف) تخفيف (عن)||verb||
caliph, successor|خليفة|خلفاء|noun|titles|m
to drive|ساق (يسوق) سياقة||verb||
silly, absurd, foolish|سخيف|سخفاء|adj||
to please, to be glad|سر (يسر) سرور||verb||
surface, level|سطح|سطوح|noun||m
political|سياسي||adj||
interesting, thrilling|شيق||adj||
journalist|صحفي|ون|noun|occupations|m
newspaper|صحيفة|صحف|noun|entertainment|f
to cross|عبر (يعبر) عبور||verb||
opposite, reverse, contrary|عكس||noun||
to leave|غادر (يغادر) مغادرة||verb||
peasant, farmworker|فلاح|ون|noun|people|m
denotes completed action, emphasis, or possibility|قد||particle||
a relative|قريب|أقارب|noun|family|m
heart|قلل|قلوب|noun|body|m
hospitality, generosity|كرم||noun|abstract|m
speech, speaking|كلام||noun||m
player|لاعب|ون|noun|sports|m
expresses completed action with a perfect tense verb|لقد||particle||
society, community|مجتمع|مجتمعات|noun||m
accountant|محاسب|ون|noun|occupations|m
crowded|مزدحم||adj||
farm|مزرعة|مزارع|noun|locations|f
recorded|مسجل||adj||
factory, plant|مصنع|مصانع|noun|locations|m
tablecloth|مفرش|مفارش|noun|household|m
seat, bench, armchair|مقعد|مقاعد|noun|household|m
enjoyable|ممتع||adj||
polluted|ملوث||adj||
house, residence|منزل|منازل|noun|household|m
view, panorama|منظر|مناظر|noun||m
means of transportation|مواصلة|مواصلات|noun|transportation|f
waiter|نادل|ندل|noun|occupations|m
mint, peppermint|نعناع||noun|food|m
pure|تقي||adj||
quiet, serene|هادئ||adj||
present, gift|هدية|هدايا|noun||f
to select|اختار (يختار) اختيار||verb||
last, latest|آخر||adj||
department|إدارة|إدارات|noun||f
to import|استورد (يستورد) استيراد||verb||
bottom, lowest point, lower|أسفل|أسافل|noun||m
to resemble|أشبه (يشبه) شبه||verb||
to take care of, to tend|اعتنى (يعتني) اعتناء (بـ)||verb||
to reside in|أقام (يقيم) إقامة||verb||
to pick up; to take (a picture)|التقط (يلتقط) التقاط||verb||
female|أنثى|إناث|noun|descriptive|f
salesperson|بائع|بائعون|noun|occupations|m
to appear, to seem|بدا (يبدو) بدو/بداء||verb||
brown|بني||adj|colors|
merchant, businessperson|تاجر|تجار|noun|occupations|m
to retire (from work)|تقاعد (يتقاعد) تقاعد (عن)||verb||
signature|توقيع||noun||m
grandfather|جد|جدود|noun|family|m
geology|جيولوجيا||noun|subjects|f
maternal uncle|خال|أخوال|noun|family|m
to store|خزن (يخزن) تخزين||verb||
guide|دليل|أدلاء|noun||m
to refer to, to review|راجع (يراجع) مراجعة||verb||
to respond, to answer|رد (يرد) رد||verb||
to register, to record|سجل (يسجل) تسجيل||verb||
tourist|سياحي||adj||
hair|شعر|شعور/أشعار|noun|body|m
poetry, poem|شعر|أشعار|noun||m
last name, surname|شهرة||noun||f
to issue|صدر (يصدر) صدور||verb||
youngest, smallest|صغرى||adj|common|
pharmacist|صيدلانية||noun|occupations|f
pharmacy|صيدلية||noun|locations|f
height|طول||noun||m
paternal uncle|عم|أعمام|noun|family|m
age|عمر|أعمار|noun||m
eye|عين|عيون|noun|body|f
spare part, change|غيار|غيارات|noun||m
branch, subdivision|فرع|فروع|noun||m
to talk to, to speak with|كلم (يكلم)||verb||
retired person|متقاعد|متقاعدون|noun|people|m
store, warehouse|مخزن|مخازن|noun|locations|m
teacher|مدرس|مدرسون|noun|occupations|m
sick, ill, patient|مريض|مرضى|adj|medical|m
hospital|مستشفى||noun|locations|m
effectiveness, validity|مفعول||noun||
note, observation|ملاحظة|ملاحظات|noun||f
occupation, profession|مهنة|مهن|noun|occupations|f
consisting of, comprising|مؤلف (من)||participle||
same|نفس|أنفس (...الـ)|noun||f
ministry, department in an administration|وزارة|وزارات|noun||f
good evening|مساع الخير||phrase||
fine, well|بخير||adj|common|
tired|تعبان||adj|common|
perfect, great|تمام||adj|common|
left (alternate)|شمال||noun|directions|
what’s new? what’s going on?|ما أخبلرك؟||phrase|common|
how are you?|كيف الحال؟||phrase|common|
where?|أين||adv|common|
television|تلفاز|تلفازات|noun|technology|
newspaper (alternate)|جريدة|جرائد|noun|entertainment|
computer|حاسوب|حواسين|noun|technology|
you (m/f dual)|أنتما||pronoun|common|
you (m pl)|أنتم||pronoun|common|
you (f pl)|أنتن||pronoun|common|
they (m/f dual)|هما||pronoun|common|
they (m pl)|هم||pronoun|common|
they (f pl)|هن||pronoun|common|
we|نحن||pronoun|common|
at, expresses possesion|عند|||common|
relative adjective|نسبة||||
state|ولاية|ولايات|noun|locations|
bicycle|دراجة|دراجات|noun|transportation|
notebook|دفتر|دفاتر|noun|common|
car|سيارة|سيارات|noun|transportation|
pen, pencil|قلم|أقلام|noun|common|
book|كتاب|كتب|noun|entertainment|
town, city|مدينة|مدن|noun|locations|
tape recorder|مسجلة|مسجلات|noun|technology|
key|مفتاح|مفاتيح|noun|common|
eyeglasses|نظارة|نظارات|noun|clothing|
telephone|هاتف|هواتف|noun|technology|m
door|باب|أبواب|noun|household|m
calculator|حاسبة|حاسبات|noun|technology|f
picture|صورة|صور|noun|common|f
table|طاولة|طاولات|noun|household|f
chair|كرسي|كراس|noun|household|m
blackboard|لوح|ألواح|noun||m
pencil sharpener|مبراة|مبار/مبريات|noun||f
ruler|مسطرة|مساطر|noun||f
eraser|ممحاة|مماح/ممحيات|noun||f
window|نافذة|نوافذ|noun|household|f
sheet of paper|ورقة|ورقات|noun|common|f
beside|بجانب||prep|common|
under|تحت||prep|common|
over|فوق||prep|common|
between|بين||prep|common|
in|في||prep|common|
to take, to last (a certain time)|استغرق||verb||
surroundings, environment|بيئة (باء/بوء)||noun||
airline|خط|خطوط|noun|travel|
return|عودة (عاد/عود)||noun||
